delete from BATCH_RUNCTRL WHERE cpdm='0042000';
delete from batch_flowcfg where flowid='FLOW_PLDF';
delete from batch_stepcfg where flowid='FLOW_PLDF';
delete from Batch_Mapresp where mapid='RESP_COREBANK_BAB';
delete from  batch_filetype where fileid='FILE_COREBANK_BAB_REQ';
delete from  batch_filesort where fileid='FILE_COREBANK_BAB_REQ';
delete from  batch_filecolumn where fileid='FILE_COREBANK_BAB_REQ';
delete from  batch_filetype where fileid='FILE_COREBANK_BAB_RESP';
delete from  batch_filesort where fileid='FILE_COREBANK_BAB_RESP';
delete from  batch_filecolumn where fileid='FILE_COREBANK_BAB_RESP';
delete from  app_tablereg where tablename='BATCH_DSDF_TEMPLATE';
delete from  app_tableinfo where tablecode='BATCH_DSDF_TEMPLATE';
delete from  batch_mapinfo where mapid='MAP_PLDF_CORE';
delete from  batch_filemap where mapid='MAP_PLDF_CORE';
delete from  batch_filetype where fileid='FILE_PLDF_REQ';
delete from  batch_filesort where fileid='FILE_PLDF_REQ';
delete from  batch_filecolumn where fileid='FILE_PLDF_REQ';
delete from  batch_filetype where fileid='FILE_PLDF_RESP';
delete from  batch_filesort where fileid='FILE_PLDF_RESP';
delete from  batch_filecolumn where fileid='FILE_PLDF_RESP';
delete from  app_tablereg where tablename='BATCH_DSDF_DETAIL';
delete from  app_tableinfo where tablecode='BATCH_DSDF_DETAIL';
delete from  batch_mapinfo where mapid='MAP_PLDF_OUT';
delete from  batch_filemap where mapid='MAP_PLDF_OUT';
insert into batch_runctrl (cpdm,flowid,maxtask,zjysbs,wwysbs,shbz,taskmode,taskpri,whjg,whgy,whsj) values('0042000','FLOW_PLDF','10','MAP_PLDF_CORE','MAP_PLDF_OUT','1','1','2','00000','czh','20171011154838');
insert into batch_flowcfg (flowid,flowname,flowsn,stepid,stepsn,stepname,whjg,whgy,whsj) values('FLOW_PLDF','批量代付',1,'hqsj',1,'获取数据','00000','czh','20171011154624');
insert into batch_flowcfg (flowid,flowname,flowsn,stepid,stepsn,stepname,whjg,whgy,whsj) values('FLOW_PLDF','批量代付',2,'sjrk',2,'数据入库','00000','czh','20171011154624');
insert into batch_flowcfg (flowid,flowname,flowsn,stepid,stepsn,stepname,whjg,whgy,whsj) values('FLOW_PLDF','批量代付',3,'sjtj',4,'数据提交','00000','czh','20171011154638');
insert into batch_flowcfg (flowid,flowname,flowsn,stepid,stepsn,stepname,whjg,whgy,whsj) values('FLOW_PLDF','批量代付',4,'sjth',5,'数据提回','00000','czh','20171011154624');
insert into batch_flowcfg (flowid,flowname,flowsn,stepid,stepsn,stepname,whjg,whgy,whsj) values('FLOW_PLDF','批量代付',5,'sjhp',6,'数据回盘','00000','czh','20171011154624');
insert into batch_stepcfg (flowid,flowsn,stepid,attribnote,attribid,attribtype,attribvalue) values('FLOW_PLDF',1,'hqsj','重导批次SQL WHERE eg: cgbz=#0#','cdpc','1','cgbz=#2#');
insert into batch_stepcfg (flowid,flowsn,stepid,attribnote,attribid,attribtype,attribvalue) values('FLOW_PLDF',1,'hqsj','处理流程名','cllcm','1','flow_batch_step_hqsj');
insert into batch_stepcfg (flowid,flowsn,stepid,attribnote,attribid,attribtype,attribvalue) values('FLOW_PLDF',1,'hqsj','重提文件标识','ctwjbs','1','FILE_');
insert into batch_stepcfg (flowid,flowsn,stepid,attribnote,attribid,attribtype,attribvalue) values('FLOW_PLDF',1,'hqsj','断点标志','ddbz','1','0');
insert into batch_stepcfg (flowid,flowsn,stepid,attribnote,attribid,attribtype,attribvalue) values('FLOW_PLDF',1,'hqsj','断点时间(秒)','ddsj','1','0');
insert into batch_stepcfg (flowid,flowsn,stepid,attribnote,attribid,attribtype,attribvalue) values('FLOW_PLDF',1,'hqsj','文件本地路径','filedir','1','file/batch/dsf');
insert into batch_stepcfg (flowid,flowsn,stepid,attribnote,attribid,attribtype,attribvalue) values('FLOW_PLDF',1,'hqsj','获取数据方式','hqsjfs','1','1');
insert into batch_stepcfg (flowid,flowsn,stepid,attribnote,attribid,attribtype,attribvalue) values('FLOW_PLDF',2,'sjrk','处理流程名','cllcm','1','flow_batch_step_sjrk_drc');
insert into batch_stepcfg (flowid,flowsn,stepid,attribnote,attribid,attribtype,attribvalue) values('FLOW_PLDF',2,'sjrk','断点标志','ddbz','1','0');
insert into batch_stepcfg (flowid,flowsn,stepid,attribnote,attribid,attribtype,attribvalue) values('FLOW_PLDF',2,'sjrk','断点时间(秒)','ddsj','1','0');
insert into batch_stepcfg (flowid,flowsn,stepid,attribnote,attribid,attribtype,attribvalue) values('FLOW_PLDF',2,'sjrk','加解密服务标识','jjmbs','1','subflow_batch_des_proc');
insert into batch_stepcfg (flowid,flowsn,stepid,attribnote,attribid,attribtype,attribvalue) values('FLOW_PLDF',2,'sjrk','加解密标志','jjmbz','1','1');
insert into batch_stepcfg (flowid,flowsn,stepid,attribnote,attribid,attribtype,attribvalue) values('FLOW_PLDF',2,'sjrk','文件类型转换标志','wjlxzhbz','1','1');
insert into batch_stepcfg (flowid,flowsn,stepid,attribnote,attribid,attribtype,attribvalue) values('FLOW_PLDF',3,'sjtj','重复操作标志','cfczbz','1','0');
insert into batch_stepcfg (flowid,flowsn,stepid,attribnote,attribid,attribtype,attribvalue) values('FLOW_PLDF',3,'sjtj','处理流程名','cllcm','1','flow_batch_step_sjtj_pldf');
insert into batch_stepcfg (flowid,flowsn,stepid,attribnote,attribid,attribtype,attribvalue) values('FLOW_PLDF',3,'sjtj','断点标志','ddbz','1','1');
insert into batch_stepcfg (flowid,flowsn,stepid,attribnote,attribid,attribtype,attribvalue) values('FLOW_PLDF',3,'sjtj','固定断点时间(秒)','gdddsj','1','300');
insert into batch_stepcfg (flowid,flowsn,stepid,attribnote,attribid,attribtype,attribvalue) values('FLOW_PLDF',3,'sjtj','夜间批量开始处理时间','ksclsj','1','220000');
insert into batch_stepcfg (flowid,flowsn,stepid,attribnote,attribid,attribtype,attribvalue) values('FLOW_PLDF',3,'sjtj','明细提交标志','mxtjbz','1','2');
insert into batch_stepcfg (flowid,flowsn,stepid,attribnote,attribid,attribtype,attribvalue) values('FLOW_PLDF',4,'sjth','重复操作标志','cfczbz','1','0');
insert into batch_stepcfg (flowid,flowsn,stepid,attribnote,attribid,attribtype,attribvalue) values('FLOW_PLDF',4,'sjth','重复提交标志','cftjbz','1','1');
insert into batch_stepcfg (flowid,flowsn,stepid,attribnote,attribid,attribtype,attribvalue) values('FLOW_PLDF',4,'sjth','处理流程名','cllcm','1','flow_batch_step_sjth');
insert into batch_stepcfg (flowid,flowsn,stepid,attribnote,attribid,attribtype,attribvalue) values('FLOW_PLDF',4,'sjth','断点标志','ddbz','1','0');
insert into batch_stepcfg (flowid,flowsn,stepid,attribnote,attribid,attribtype,attribvalue) values('FLOW_PLDF',4,'sjth','断点时间(秒)','ddsj','1','5');
insert into batch_stepcfg (flowid,flowsn,stepid,attribnote,attribid,attribtype,attribvalue) values('FLOW_PLDF',5,'sjhp','重复操作标志','cfczbz','1','0');
insert into batch_stepcfg (flowid,flowsn,stepid,attribnote,attribid,attribtype,attribvalue) values('FLOW_PLDF',5,'sjhp','处理流程名','cllcm','1','flow_batch_step_sjhp_dsdf');
insert into batch_stepcfg (flowid,flowsn,stepid,attribnote,attribid,attribtype,attribvalue) values('FLOW_PLDF',5,'sjhp','发送数据方式','fssjfs','1','1');
insert into batch_stepcfg (flowid,flowsn,stepid,attribnote,attribid,attribtype,attribvalue) values('FLOW_PLDF',5,'sjhp','加解密标志','jjmbz','1','1');
insert into batch_stepcfg (flowid,flowsn,stepid,attribnote,attribid,attribtype,attribvalue) values('FLOW_PLDF',5,'sjhp','明细回盘标志','mxhpbz','1','1');
insert into batch_stepcfg (flowid,flowsn,stepid,attribnote,attribid,attribtype,attribvalue) values('FLOW_PLDF',5,'sjhp','文件类型转换标志','wjlxzhbz','1','1');
insert into batch_mapresp (mapid,note,resp_s,resp_d,msg_d,bz,whjg,whgy,whsj) values('RESP_COREBANK_BAB','批量记账基础响应码映射','0','2','初始','1','00000','admin','20170608094351');
insert into batch_mapresp (mapid,note,resp_s,resp_d,msg_d,bz,whjg,whgy,whsj) values('RESP_COREBANK_BAB','批量记账基础响应码映射','1','0','成功','1','00000','admin','20170602092725');
insert into batch_mapresp (mapid,note,resp_s,resp_d,msg_d,bz,whjg,whgy,whsj) values('RESP_COREBANK_BAB','批量记账基础响应码映射','2','2','失败','1','00000','admin','20170602092732');
insert into batch_filetype (fileid,fileidnote,filetype,filefmt,codefmt,whjg,whgy,whsj) values('FILE_COREBANK_BAB_REQ','批量记账基础请求文件','0','01','0','00000','admin','20171010155312');
insert into batch_filesort (fileid,fileclasssn,classname,classtype,higherupsn,columnno,columnflag) values('FILE_COREBANK_BAB_REQ',1,'核心请求文件','2',0,0,'1');
insert into batch_filecolumn (fileid,fileclasssn,columnsn,columnid,isid,columnname,offset,columnlen,iprecision,izoom,regular,ifiller) values('FILE_COREBANK_BAB_REQ',1,1,'platseq','1','平台流水号',1,26,0,0,'L',32);
insert into batch_filecolumn (fileid,fileclasssn,columnsn,columnid,isid,columnname,offset,columnlen,iprecision,izoom,regular,ifiller) values('FILE_COREBANK_BAB_REQ',1,2,'busiseq','1','业务流水号',27,26,0,0,'L',32);
insert into batch_filecolumn (fileid,fileclasssn,columnsn,columnid,isid,columnname,offset,columnlen,iprecision,izoom,regular,ifiller) values('FILE_COREBANK_BAB_REQ',1,3,'transeq','1','交易流水号',53,26,0,0,'L',32);
insert into batch_filecolumn (fileid,fileclasssn,columnsn,columnid,isid,columnname,offset,columnlen,iprecision,izoom,regular,ifiller) values('FILE_COREBANK_BAB_REQ',1,4,'platdate','1','平台日期',79,8,0,0,'R',32);
insert into batch_filecolumn (fileid,fileclasssn,columnsn,columnid,isid,columnname,offset,columnlen,iprecision,izoom,regular,ifiller) values('FILE_COREBANK_BAB_REQ',1,5,'platcode','0','平台代码',87,10,0,0,'L',32);
insert into batch_filecolumn (fileid,fileclasssn,columnsn,columnid,isid,columnname,offset,columnlen,iprecision,izoom,regular,ifiller) values('FILE_COREBANK_BAB_REQ',1,6,'batchno','1','批次号',97,30,0,0,'L',32);
insert into batch_filecolumn (fileid,fileclasssn,columnsn,columnid,isid,columnname,offset,columnlen,iprecision,izoom,regular,ifiller) values('FILE_COREBANK_BAB_REQ',1,7,'num','1','序号',127,7,0,0,'R',32);
insert into batch_filecolumn (fileid,fileclasssn,columnsn,columnid,isid,columnname,offset,columnlen,iprecision,izoom,regular,ifiller) values('FILE_COREBANK_BAB_REQ',1,8,'payacctno','1','借方帐号',134,32,0,0,'L',32);
insert into batch_filecolumn (fileid,fileclasssn,columnsn,columnid,isid,columnname,offset,columnlen,iprecision,izoom,regular,ifiller) values('FILE_COREBANK_BAB_REQ',1,9,'payacctname','1','借方户名',166,62,0,0,'L',32);
insert into batch_filecolumn (fileid,fileclasssn,columnsn,columnid,isid,columnname,offset,columnlen,iprecision,izoom,regular,ifiller) values('FILE_COREBANK_BAB_REQ',1,10,'paybkno','0','借方行号',228,12,0,0,'L',32);
insert into batch_filecolumn (fileid,fileclasssn,columnsn,columnid,isid,columnname,offset,columnlen,iprecision,izoom,regular,ifiller) values('FILE_COREBANK_BAB_REQ',1,11,'paybkname','0','借方行名',240,62,0,0,'L',32);
insert into batch_filecolumn (fileid,fileclasssn,columnsn,columnid,isid,columnname,offset,columnlen,iprecision,izoom,regular,ifiller) values('FILE_COREBANK_BAB_REQ',1,12,'payeeacctno','1','贷方帐号',302,32,0,0,'L',32);
insert into batch_filecolumn (fileid,fileclasssn,columnsn,columnid,isid,columnname,offset,columnlen,iprecision,izoom,regular,ifiller) values('FILE_COREBANK_BAB_REQ',1,13,'payeeacctname','1','贷方户名',334,62,0,0,'L',32);
insert into batch_filecolumn (fileid,fileclasssn,columnsn,columnid,isid,columnname,offset,columnlen,iprecision,izoom,regular,ifiller) values('FILE_COREBANK_BAB_REQ',1,14,'payeebkno','0','贷方行号',396,12,0,0,'L',32);
insert into batch_filecolumn (fileid,fileclasssn,columnsn,columnid,isid,columnname,offset,columnlen,iprecision,izoom,regular,ifiller) values('FILE_COREBANK_BAB_REQ',1,15,'payeebkname','0','贷方行名',408,62,0,0,'L',32);
insert into batch_filecolumn (fileid,fileclasssn,columnsn,columnid,isid,columnname,offset,columnlen,iprecision,izoom,regular,ifiller) values('FILE_COREBANK_BAB_REQ',1,16,'tranamt','1','交易金额',470,13,2,0,'R',32);
insert into batch_filecolumn (fileid,fileclasssn,columnsn,columnid,isid,columnname,offset,columnlen,iprecision,izoom,regular,ifiller) values('FILE_COREBANK_BAB_REQ',1,17,'partamtflg','0','部分扣款标志',483,1,0,0,'L',32);
insert into batch_filecolumn (fileid,fileclasssn,columnsn,columnid,isid,columnname,offset,columnlen,iprecision,izoom,regular,ifiller) values('FILE_COREBANK_BAB_REQ',1,18,'factamt','0','实际扣款金额',484,13,2,0,'R',32);
insert into batch_filecolumn (fileid,fileclasssn,columnsn,columnid,isid,columnname,offset,columnlen,iprecision,izoom,regular,ifiller) values('FILE_COREBANK_BAB_REQ',1,19,'ccy','0','币种',497,2,0,0,'L',32);
insert into batch_filecolumn (fileid,fileclasssn,columnsn,columnid,isid,columnname,offset,columnlen,iprecision,izoom,regular,ifiller) values('FILE_COREBANK_BAB_REQ',1,20,'telseq','0','柜员流水号',499,11,0,0,'L',32);
insert into batch_filecolumn (fileid,fileclasssn,columnsn,columnid,isid,columnname,offset,columnlen,iprecision,izoom,regular,ifiller) values('FILE_COREBANK_BAB_REQ',1,21,'accountdate','0','账务日期',510,8,0,0,'R',32);
insert into batch_filecolumn (fileid,fileclasssn,columnsn,columnid,isid,columnname,offset,columnlen,iprecision,izoom,regular,ifiller) values('FILE_COREBANK_BAB_REQ',1,22,'reverseseq','0','冲正流水号',518,11,0,0,'L',32);
insert into batch_filecolumn (fileid,fileclasssn,columnsn,columnid,isid,columnname,offset,columnlen,iprecision,izoom,regular,ifiller) values('FILE_COREBANK_BAB_REQ',1,23,'reversedate','0','冲正日期',529,8,0,0,'R',32);
insert into batch_filecolumn (fileid,fileclasssn,columnsn,columnid,isid,columnname,offset,columnlen,iprecision,izoom,regular,ifiller) values('FILE_COREBANK_BAB_REQ',1,24,'abscode','0','摘要代码',537,3,0,0,'R',32);
insert into batch_filecolumn (fileid,fileclasssn,columnsn,columnid,isid,columnname,offset,columnlen,iprecision,izoom,regular,ifiller) values('FILE_COREBANK_BAB_REQ',1,25,'regdate','0','登记系统日期',540,8,0,0,'R',32);
insert into batch_filecolumn (fileid,fileclasssn,columnsn,columnid,isid,columnname,offset,columnlen,iprecision,izoom,regular,ifiller) values('FILE_COREBANK_BAB_REQ',1,26,'regtime','0','登记系统时间',548,6,0,0,'R',32);
insert into batch_filecolumn (fileid,fileclasssn,columnsn,columnid,isid,columnname,offset,columnlen,iprecision,izoom,regular,ifiller) values('FILE_COREBANK_BAB_REQ',1,27,'lastupddate','0','最后更新日期',554,8,0,0,'R',32);
insert into batch_filecolumn (fileid,fileclasssn,columnsn,columnid,isid,columnname,offset,columnlen,iprecision,izoom,regular,ifiller) values('FILE_COREBANK_BAB_REQ',1,28,'lastuptime','0','最后更新时间',562,6,0,0,'R',32);
insert into batch_filecolumn (fileid,fileclasssn,columnsn,columnid,isid,columnname,offset,columnlen,iprecision,izoom,regular,ifiller) values('FILE_COREBANK_BAB_REQ',1,29,'respcode','0','错误信息',568,7,0,0,'L',32);
insert into batch_filecolumn (fileid,fileclasssn,columnsn,columnid,isid,columnname,offset,columnlen,iprecision,izoom,regular,ifiller) values('FILE_COREBANK_BAB_REQ',1,30,'respmsg','0','错误描述',575,60,0,0,'L',32);
insert into batch_filecolumn (fileid,fileclasssn,columnsn,columnid,isid,columnname,offset,columnlen,iprecision,izoom,regular,ifiller) values('FILE_COREBANK_BAB_REQ',1,31,'remark1','0','备用字段1',635,40,0,0,'L',32);
insert into batch_filecolumn (fileid,fileclasssn,columnsn,columnid,isid,columnname,offset,columnlen,iprecision,izoom,regular,ifiller) values('FILE_COREBANK_BAB_REQ',1,32,'remark2','0','备用字段2',675,40,0,0,'L',32);
insert into batch_filecolumn (fileid,fileclasssn,columnsn,columnid,isid,columnname,offset,columnlen,iprecision,izoom,regular,ifiller) values('FILE_COREBANK_BAB_REQ',1,33,'remark3','0','备用字段3',715,15,2,0,'R',32);
insert into batch_filecolumn (fileid,fileclasssn,columnsn,columnid,isid,columnname,offset,columnlen,iprecision,izoom,regular,ifiller) values('FILE_COREBANK_BAB_REQ',1,34,'remark4','0','备用字段4',730,10,0,0,'R',32);
insert into batch_filecolumn (fileid,fileclasssn,columnsn,columnid,isid,columnname,offset,columnlen,iprecision,izoom,regular,ifiller) values('FILE_COREBANK_BAB_REQ',1,35,'recordstate','0','记录状态',740,1,0,0,'L',32);
insert into batch_filecolumn (fileid,fileclasssn,columnsn,columnid,isid,columnname,offset,columnlen,iprecision,izoom,regular,ifiller) values('FILE_COREBANK_BAB_REQ',1,36,'certitype','0','证件类型',741,1,0,0,'L',32);
insert into batch_filecolumn (fileid,fileclasssn,columnsn,columnid,isid,columnname,offset,columnlen,iprecision,izoom,regular,ifiller) values('FILE_COREBANK_BAB_REQ',1,37,'certiID','0','证件号码',742,20,0,0,'L',32);
insert into batch_filecolumn (fileid,fileclasssn,columnsn,columnid,isid,columnname,offset,columnlen,iprecision,izoom,regular,ifiller) values('FILE_COREBANK_BAB_REQ',1,38,'certivali','0','证件有效期',762,8,0,0,'R',32);
insert into batch_filecolumn (fileid,fileclasssn,columnsn,columnid,isid,columnname,offset,columnlen,iprecision,izoom,regular,ifiller) values('FILE_COREBANK_BAB_REQ',1,39,'sex','0','性别',770,1,0,0,'L',32);
insert into batch_filecolumn (fileid,fileclasssn,columnsn,columnid,isid,columnname,offset,columnlen,iprecision,izoom,regular,ifiller) values('FILE_COREBANK_BAB_REQ',1,40,'birthday','0','出生日期',771,8,0,0,'R',32);
insert into batch_filecolumn (fileid,fileclasssn,columnsn,columnid,isid,columnname,offset,columnlen,iprecision,izoom,regular,ifiller) values('FILE_COREBANK_BAB_REQ',1,41,'licenauth','0','发证机关',779,22,0,0,'L',32);
insert into batch_filecolumn (fileid,fileclasssn,columnsn,columnid,isid,columnname,offset,columnlen,iprecision,izoom,regular,ifiller) values('FILE_COREBANK_BAB_REQ',1,42,'add','0','地址',801,42,0,0,'L',32);
insert into batch_filecolumn (fileid,fileclasssn,columnsn,columnid,isid,columnname,offset,columnlen,iprecision,izoom,regular,ifiller) values('FILE_COREBANK_BAB_REQ',1,43,'zipcode','0','邮政编码',843,7,0,0,'L',32);
insert into batch_filecolumn (fileid,fileclasssn,columnsn,columnid,isid,columnname,offset,columnlen,iprecision,izoom,regular,ifiller) values('FILE_COREBANK_BAB_REQ',1,44,'tel','0','电话号码',850,15,0,0,'L',32);
insert into batch_filecolumn (fileid,fileclasssn,columnsn,columnid,isid,columnname,offset,columnlen,iprecision,izoom,regular,ifiller) values('FILE_COREBANK_BAB_REQ',1,45,'profession','0','职业',865,10,0,0,'L',32);
insert into batch_filecolumn (fileid,fileclasssn,columnsn,columnid,isid,columnname,offset,columnlen,iprecision,izoom,regular,ifiller) values('FILE_COREBANK_BAB_REQ',1,46,'company','0','工作单位',875,42,0,0,'L',32);
insert into batch_filecolumn (fileid,fileclasssn,columnsn,columnid,isid,columnname,offset,columnlen,iprecision,izoom,regular,ifiller) values('FILE_COREBANK_BAB_REQ',1,47,'taxid','0','税收居民身份',917,1,0,0,'L',32);
insert into batch_filetype (fileid,fileidnote,filetype,filefmt,codefmt,whjg,whgy,whsj) values('FILE_COREBANK_BAB_RESP','批量记账基础响应文件','0','01','0','00000','admin','20171010155526');
insert into batch_filesort (fileid,fileclasssn,classname,classtype,higherupsn,columnno,columnflag) values('FILE_COREBANK_BAB_RESP',1,'核心请求文件','2',0,0,'1');
insert into batch_filecolumn (fileid,fileclasssn,columnsn,columnid,isid,columnname,offset,columnlen,iprecision,izoom,regular,ifiller) values('FILE_COREBANK_BAB_RESP',1,1,'platseq','1','平台流水号',1,26,0,0,'L',32);
insert into batch_filecolumn (fileid,fileclasssn,columnsn,columnid,isid,columnname,offset,columnlen,iprecision,izoom,regular,ifiller) values('FILE_COREBANK_BAB_RESP',1,2,'busiseq','1','业务流水号',27,26,0,0,'L',32);
insert into batch_filecolumn (fileid,fileclasssn,columnsn,columnid,isid,columnname,offset,columnlen,iprecision,izoom,regular,ifiller) values('FILE_COREBANK_BAB_RESP',1,3,'transeq','1','交易流水号',53,26,0,0,'L',32);
insert into batch_filecolumn (fileid,fileclasssn,columnsn,columnid,isid,columnname,offset,columnlen,iprecision,izoom,regular,ifiller) values('FILE_COREBANK_BAB_RESP',1,4,'platdate','1','平台日期',79,8,0,0,'R',32);
insert into batch_filecolumn (fileid,fileclasssn,columnsn,columnid,isid,columnname,offset,columnlen,iprecision,izoom,regular,ifiller) values('FILE_COREBANK_BAB_RESP',1,5,'platcode','0','平台代码',87,10,0,0,'L',32);
insert into batch_filecolumn (fileid,fileclasssn,columnsn,columnid,isid,columnname,offset,columnlen,iprecision,izoom,regular,ifiller) values('FILE_COREBANK_BAB_RESP',1,6,'batchno','1','批次号',97,30,0,0,'L',32);
insert into batch_filecolumn (fileid,fileclasssn,columnsn,columnid,isid,columnname,offset,columnlen,iprecision,izoom,regular,ifiller) values('FILE_COREBANK_BAB_RESP',1,7,'num','1','序号',127,7,0,0,'R',32);
insert into batch_filecolumn (fileid,fileclasssn,columnsn,columnid,isid,columnname,offset,columnlen,iprecision,izoom,regular,ifiller) values('FILE_COREBANK_BAB_RESP',1,8,'payacctno','1','借方帐号',134,32,0,0,'L',32);
insert into batch_filecolumn (fileid,fileclasssn,columnsn,columnid,isid,columnname,offset,columnlen,iprecision,izoom,regular,ifiller) values('FILE_COREBANK_BAB_RESP',1,9,'payacctname','1','借方户名',166,62,0,0,'L',32);
insert into batch_filecolumn (fileid,fileclasssn,columnsn,columnid,isid,columnname,offset,columnlen,iprecision,izoom,regular,ifiller) values('FILE_COREBANK_BAB_RESP',1,10,'paybkno','0','借方行号',228,12,0,0,'L',32);
insert into batch_filecolumn (fileid,fileclasssn,columnsn,columnid,isid,columnname,offset,columnlen,iprecision,izoom,regular,ifiller) values('FILE_COREBANK_BAB_RESP',1,11,'paybkname','0','借方行名',240,62,0,0,'L',32);
insert into batch_filecolumn (fileid,fileclasssn,columnsn,columnid,isid,columnname,offset,columnlen,iprecision,izoom,regular,ifiller) values('FILE_COREBANK_BAB_RESP',1,12,'payeeacctno','1','贷方帐号',302,32,0,0,'L',32);
insert into batch_filecolumn (fileid,fileclasssn,columnsn,columnid,isid,columnname,offset,columnlen,iprecision,izoom,regular,ifiller) values('FILE_COREBANK_BAB_RESP',1,13,'payeeacctname','1','贷方户名',334,62,0,0,'L',32);
insert into batch_filecolumn (fileid,fileclasssn,columnsn,columnid,isid,columnname,offset,columnlen,iprecision,izoom,regular,ifiller) values('FILE_COREBANK_BAB_RESP',1,14,'payeebkno','0','贷方行号',396,12,0,0,'L',32);
insert into batch_filecolumn (fileid,fileclasssn,columnsn,columnid,isid,columnname,offset,columnlen,iprecision,izoom,regular,ifiller) values('FILE_COREBANK_BAB_RESP',1,15,'payeebkname','0','贷方行名',408,62,0,0,'L',32);
insert into batch_filecolumn (fileid,fileclasssn,columnsn,columnid,isid,columnname,offset,columnlen,iprecision,izoom,regular,ifiller) values('FILE_COREBANK_BAB_RESP',1,16,'tranamt','1','交易金额',470,13,2,0,'R',32);
insert into batch_filecolumn (fileid,fileclasssn,columnsn,columnid,isid,columnname,offset,columnlen,iprecision,izoom,regular,ifiller) values('FILE_COREBANK_BAB_RESP',1,17,'partamtflg','0','部分扣款标志',483,1,0,0,'L',32);
insert into batch_filecolumn (fileid,fileclasssn,columnsn,columnid,isid,columnname,offset,columnlen,iprecision,izoom,regular,ifiller) values('FILE_COREBANK_BAB_RESP',1,18,'factamt','0','实际扣款金额',484,13,2,0,'R',32);
insert into batch_filecolumn (fileid,fileclasssn,columnsn,columnid,isid,columnname,offset,columnlen,iprecision,izoom,regular,ifiller) values('FILE_COREBANK_BAB_RESP',1,19,'ccy','0','币种',497,2,0,0,'L',32);
insert into batch_filecolumn (fileid,fileclasssn,columnsn,columnid,isid,columnname,offset,columnlen,iprecision,izoom,regular,ifiller) values('FILE_COREBANK_BAB_RESP',1,20,'telseq','0','柜员流水号',499,11,0,0,'L',32);
insert into batch_filecolumn (fileid,fileclasssn,columnsn,columnid,isid,columnname,offset,columnlen,iprecision,izoom,regular,ifiller) values('FILE_COREBANK_BAB_RESP',1,21,'accountdate','0','账务日期',510,8,0,0,'R',32);
insert into batch_filecolumn (fileid,fileclasssn,columnsn,columnid,isid,columnname,offset,columnlen,iprecision,izoom,regular,ifiller) values('FILE_COREBANK_BAB_RESP',1,22,'reverseseq','0','冲正流水号',518,11,0,0,'L',32);
insert into batch_filecolumn (fileid,fileclasssn,columnsn,columnid,isid,columnname,offset,columnlen,iprecision,izoom,regular,ifiller) values('FILE_COREBANK_BAB_RESP',1,23,'reversedate','0','冲正日期',529,8,0,0,'R',32);
insert into batch_filecolumn (fileid,fileclasssn,columnsn,columnid,isid,columnname,offset,columnlen,iprecision,izoom,regular,ifiller) values('FILE_COREBANK_BAB_RESP',1,24,'abscode','0','摘要代码',537,3,0,0,'R',32);
insert into batch_filecolumn (fileid,fileclasssn,columnsn,columnid,isid,columnname,offset,columnlen,iprecision,izoom,regular,ifiller) values('FILE_COREBANK_BAB_RESP',1,25,'regdate','0','登记系统日期',540,8,0,0,'R',32);
insert into batch_filecolumn (fileid,fileclasssn,columnsn,columnid,isid,columnname,offset,columnlen,iprecision,izoom,regular,ifiller) values('FILE_COREBANK_BAB_RESP',1,26,'regtime','0','登记系统时间',548,6,0,0,'R',32);
insert into batch_filecolumn (fileid,fileclasssn,columnsn,columnid,isid,columnname,offset,columnlen,iprecision,izoom,regular,ifiller) values('FILE_COREBANK_BAB_RESP',1,27,'lastupddate','0','最后更新日期',554,8,0,0,'R',32);
insert into batch_filecolumn (fileid,fileclasssn,columnsn,columnid,isid,columnname,offset,columnlen,iprecision,izoom,regular,ifiller) values('FILE_COREBANK_BAB_RESP',1,28,'lastuptime','0','最后更新时间',562,6,0,0,'R',32);
insert into batch_filecolumn (fileid,fileclasssn,columnsn,columnid,isid,columnname,offset,columnlen,iprecision,izoom,regular,ifiller) values('FILE_COREBANK_BAB_RESP',1,29,'respcode','0','错误信息',568,7,0,0,'L',32);
insert into batch_filecolumn (fileid,fileclasssn,columnsn,columnid,isid,columnname,offset,columnlen,iprecision,izoom,regular,ifiller) values('FILE_COREBANK_BAB_RESP',1,30,'respmsg','0','错误描述',575,60,0,0,'L',32);
insert into batch_filecolumn (fileid,fileclasssn,columnsn,columnid,isid,columnname,offset,columnlen,iprecision,izoom,regular,ifiller) values('FILE_COREBANK_BAB_RESP',1,31,'remark1','0','备用字段1',635,40,0,0,'L',32);
insert into batch_filecolumn (fileid,fileclasssn,columnsn,columnid,isid,columnname,offset,columnlen,iprecision,izoom,regular,ifiller) values('FILE_COREBANK_BAB_RESP',1,32,'remark2','0','备用字段2',675,40,0,0,'L',32);
insert into batch_filecolumn (fileid,fileclasssn,columnsn,columnid,isid,columnname,offset,columnlen,iprecision,izoom,regular,ifiller) values('FILE_COREBANK_BAB_RESP',1,33,'remark3','0','备用字段3',715,15,2,0,'R',32);
insert into batch_filecolumn (fileid,fileclasssn,columnsn,columnid,isid,columnname,offset,columnlen,iprecision,izoom,regular,ifiller) values('FILE_COREBANK_BAB_RESP',1,34,'remark4','0','备用字段4',730,10,0,0,'R',32);
insert into batch_filecolumn (fileid,fileclasssn,columnsn,columnid,isid,columnname,offset,columnlen,iprecision,izoom,regular,ifiller) values('FILE_COREBANK_BAB_RESP',1,35,'recordstate','0','记录状态',740,1,0,0,'L',32);
insert into batch_filecolumn (fileid,fileclasssn,columnsn,columnid,isid,columnname,offset,columnlen,iprecision,izoom,regular,ifiller) values('FILE_COREBANK_BAB_RESP',1,36,'certitype','0','证件类型',741,1,0,0,'L',32);
insert into batch_filecolumn (fileid,fileclasssn,columnsn,columnid,isid,columnname,offset,columnlen,iprecision,izoom,regular,ifiller) values('FILE_COREBANK_BAB_RESP',1,37,'certiID','0','证件号码',742,20,0,0,'L',32);
insert into batch_filecolumn (fileid,fileclasssn,columnsn,columnid,isid,columnname,offset,columnlen,iprecision,izoom,regular,ifiller) values('FILE_COREBANK_BAB_RESP',1,38,'certivali','0','证件有效期',762,8,0,0,'R',32);
insert into batch_filecolumn (fileid,fileclasssn,columnsn,columnid,isid,columnname,offset,columnlen,iprecision,izoom,regular,ifiller) values('FILE_COREBANK_BAB_RESP',1,39,'sex','0','性别',770,1,0,0,'L',32);
insert into batch_filecolumn (fileid,fileclasssn,columnsn,columnid,isid,columnname,offset,columnlen,iprecision,izoom,regular,ifiller) values('FILE_COREBANK_BAB_RESP',1,40,'birthday','0','出生日期',771,8,0,0,'R',32);
insert into batch_filecolumn (fileid,fileclasssn,columnsn,columnid,isid,columnname,offset,columnlen,iprecision,izoom,regular,ifiller) values('FILE_COREBANK_BAB_RESP',1,41,'licenauth','0','发证机关',779,22,0,0,'L',32);
insert into batch_filecolumn (fileid,fileclasssn,columnsn,columnid,isid,columnname,offset,columnlen,iprecision,izoom,regular,ifiller) values('FILE_COREBANK_BAB_RESP',1,42,'add','0','地址',801,42,0,0,'L',32);
insert into batch_filecolumn (fileid,fileclasssn,columnsn,columnid,isid,columnname,offset,columnlen,iprecision,izoom,regular,ifiller) values('FILE_COREBANK_BAB_RESP',1,43,'zipcode','0','邮政编码',843,7,0,0,'L',32);
insert into batch_filecolumn (fileid,fileclasssn,columnsn,columnid,isid,columnname,offset,columnlen,iprecision,izoom,regular,ifiller) values('FILE_COREBANK_BAB_RESP',1,44,'tel','0','电话',850,15,0,0,'L',32);
insert into batch_filecolumn (fileid,fileclasssn,columnsn,columnid,isid,columnname,offset,columnlen,iprecision,izoom,regular,ifiller) values('FILE_COREBANK_BAB_RESP',1,45,'profession','0','职业',865,10,0,0,'L',32);
insert into batch_filecolumn (fileid,fileclasssn,columnsn,columnid,isid,columnname,offset,columnlen,iprecision,izoom,regular,ifiller) values('FILE_COREBANK_BAB_RESP',1,46,'company','0','工作单位',875,42,0,0,'L',32);
insert into batch_filecolumn (fileid,fileclasssn,columnsn,columnid,isid,columnname,offset,columnlen,iprecision,izoom,regular,ifiller) values('FILE_COREBANK_BAB_RESP',1,47,'taxid','0','税收居民身份',917,1,0,0,'L',32);
insert into app_tablereg (tablename,fldsn,fldid,fldname,fldtype,fldlen,iskey,isnull,fldshd) values('BATCH_DSDF_TEMPLATE',1,'pkrq','批扣日期','C','8','0','1','0');
insert into app_tablereg (tablename,fldsn,fldid,fldname,fldtype,fldlen,iskey,isnull,fldshd) values('BATCH_DSDF_TEMPLATE',2,'ptpch','平台批次号','C','8','0','1','0');
insert into app_tablereg (tablename,fldsn,fldid,fldname,fldtype,iskey,isnull,fldshd) values('BATCH_DSDF_TEMPLATE',3,'lsxh','流水序号','I','0','1','0');
insert into app_tablereg (tablename,fldsn,fldid,fldname,fldtype,iskey,isnull,fldshd) values('BATCH_DSDF_TEMPLATE',4,'wjxh','文件序号','I','1','1','0');
insert into app_tablereg (tablename,fldsn,fldid,fldname,fldtype,fldlen,iskey,isnull,fldshd) values('BATCH_DSDF_TEMPLATE',5,'jdbz','借贷标志','C','1','1','0','0');
insert into app_tablereg (tablename,fldsn,fldid,fldname,fldtype,fldlen,iskey,isnull,fldshd) values('BATCH_DSDF_TEMPLATE',6,'zydm','摘要代码','C','16','1','0','0');
insert into app_tablereg (tablename,fldsn,fldid,fldname,fldtype,fldlen,iskey,isnull,fldshd) values('BATCH_DSDF_TEMPLATE',7,'ywbh','业务编号','C','16','1','0','0');
insert into app_tablereg (tablename,fldsn,fldid,fldname,fldtype,fldlen,iskey,isnull,fldshd) values('BATCH_DSDF_TEMPLATE',8,'dwbh','单位编号','C','16','1','0','0');
insert into app_tablereg (tablename,fldsn,fldid,fldname,fldtype,fldlen,iskey,isnull,fldshd) values('BATCH_DSDF_TEMPLATE',9,'jlbs','记录标识','C','32','1','0','0');
insert into app_tablereg (tablename,fldsn,fldid,fldname,fldtype,fldlen,iskey,isnull,fldshd) values('BATCH_DSDF_TEMPLATE',10,'yhh1','用户号','C','32','1','0','0');
insert into app_tablereg (tablename,fldsn,fldid,fldname,fldtype,fldlen,iskey,isnull,fldshd) values('BATCH_DSDF_TEMPLATE',11,'yhxm','用户姓名','C','80','1','0','0');
insert into app_tablereg (tablename,fldsn,fldid,fldname,fldtype,fldlen,iskey,isnull,fldshd) values('BATCH_DSDF_TEMPLATE',12,'zjhm','证件号码','C','32','1','0','0');
insert into app_tablereg (tablename,fldsn,fldid,fldname,fldtype,fldlen,iskey,isnull,fldshd) values('BATCH_DSDF_TEMPLATE',13,'yhzh','用户帐户','C','32','1','0','0');
insert into app_tablereg (tablename,fldsn,fldid,fldname,fldtype,fldlen,iskey,isnull,fldshd) values('BATCH_DSDF_TEMPLATE',14,'fkrzh','付款人账号','C','32','1','0','0');
insert into app_tablereg (tablename,fldsn,fldid,fldname,fldtype,fldlen,iskey,isnull,fldshd) values('BATCH_DSDF_TEMPLATE',15,'fkrxm','付款人姓名','C','200','1','0','0');
insert into app_tablereg (tablename,fldsn,fldid,fldname,fldtype,fldlen,iskey,isnull,fldshd) values('BATCH_DSDF_TEMPLATE',16,'fkhhh','付款行行号','C','12','1','0','0');
insert into app_tablereg (tablename,fldsn,fldid,fldname,fldtype,fldlen,iskey,isnull,fldshd) values('BATCH_DSDF_TEMPLATE',17,'fkhhm','付款行行名','C','200','1','0','0');
insert into app_tablereg (tablename,fldsn,fldid,fldname,fldtype,fldlen,iskey,isnull,fldshd) values('BATCH_DSDF_TEMPLATE',18,'skrzh','收款人账号','C','32','1','0','0');
insert into app_tablereg (tablename,fldsn,fldid,fldname,fldtype,fldlen,iskey,isnull,fldshd) values('BATCH_DSDF_TEMPLATE',19,'skrxm','收款人姓名','C','200','1','0','0');
insert into app_tablereg (tablename,fldsn,fldid,fldname,fldtype,fldlen,iskey,isnull,fldshd) values('BATCH_DSDF_TEMPLATE',20,'skhhh','收款行行号','C','12','1','0','0');
insert into app_tablereg (tablename,fldsn,fldid,fldname,fldtype,fldlen,iskey,isnull,fldshd) values('BATCH_DSDF_TEMPLATE',21,'skhhm','收款行行名','C','200','1','0','0');
insert into app_tablereg (tablename,fldsn,fldid,fldname,fldtype,fldlen,decimaldigits,iskey,isnull,fldshd) values('BATCH_DSDF_TEMPLATE',22,'jyje','交易金额','D','15','2','1','0','0');
insert into app_tablereg (tablename,fldsn,fldid,fldname,fldtype,fldlen,decimaldigits,iskey,isnull,fldshd) values('BATCH_DSDF_TEMPLATE',23,'sjje','实际金额','D','15','2','1','0','0');
insert into app_tablereg (tablename,fldsn,fldid,fldname,fldtype,fldlen,iskey,isnull,fldshd) values('BATCH_DSDF_TEMPLATE',24,'ptlsh','平台流水号','C','32','1','1','0');
insert into app_tablereg (tablename,fldsn,fldid,fldname,fldtype,fldlen,iskey,isnull,fldshd) values('BATCH_DSDF_TEMPLATE',25,'ywlsh','业务流水号','C','32','1','1','0');
insert into app_tablereg (tablename,fldsn,fldid,fldname,fldtype,fldlen,iskey,isnull,fldshd) values('BATCH_DSDF_TEMPLATE',26,'jylsh','交易流水号','C','32','1','1','0');
insert into app_tablereg (tablename,fldsn,fldid,fldname,fldtype,fldlen,iskey,isnull,fldshd) values('BATCH_DSDF_TEMPLATE',27,'ptdm','平台代码','C','32','1','0','0');
insert into app_tablereg (tablename,fldsn,fldid,fldname,fldtype,fldlen,iskey,isnull,fldshd) values('BATCH_DSDF_TEMPLATE',28,'bfkkbz','部分扣款标志','C','1','1','0','0');
insert into app_tablereg (tablename,fldsn,fldid,fldname,fldtype,fldlen,iskey,isnull,fldshd) values('BATCH_DSDF_TEMPLATE',29,'bz','币种','C','8','1','0','0');
insert into app_tablereg (tablename,fldsn,fldid,fldname,fldtype,fldlen,iskey,isnull,fldshd) values('BATCH_DSDF_TEMPLATE',30,'gylsh','柜员流水号','C','32','1','0','0');
insert into app_tablereg (tablename,fldsn,fldid,fldname,fldtype,fldlen,iskey,isnull,fldshd) values('BATCH_DSDF_TEMPLATE',31,'zwrq','账务日期','C','8','1','0','0');
insert into app_tablereg (tablename,fldsn,fldid,fldname,fldtype,fldlen,iskey,isnull,fldshd) values('BATCH_DSDF_TEMPLATE',32,'czlsh','冲正流水号','C','32','1','0','0');
insert into app_tablereg (tablename,fldsn,fldid,fldname,fldtype,fldlen,iskey,isnull,fldshd) values('BATCH_DSDF_TEMPLATE',33,'czrq','冲正日期','C','8','1','0','0');
insert into app_tablereg (tablename,fldsn,fldid,fldname,fldtype,fldlen,iskey,isnull,fldshd) values('BATCH_DSDF_TEMPLATE',34,'djxtrq','登记系统日期','C','8','1','0','0');
insert into app_tablereg (tablename,fldsn,fldid,fldname,fldtype,fldlen,iskey,isnull,fldshd) values('BATCH_DSDF_TEMPLATE',35,'djxtsj','登记系统时间','C','6','1','0','0');
insert into app_tablereg (tablename,fldsn,fldid,fldname,fldtype,fldlen,iskey,isnull,fldshd) values('BATCH_DSDF_TEMPLATE',36,'zhgxrq','最后更新日期','C','8','1','0','0');
insert into app_tablereg (tablename,fldsn,fldid,fldname,fldtype,fldlen,iskey,isnull,fldshd) values('BATCH_DSDF_TEMPLATE',37,'zhgxsj','最后更新时间','C','6','1','0','0');
insert into app_tablereg (tablename,fldsn,fldid,fldname,fldtype,fldlen,iskey,isnull,fldshd) values('BATCH_DSDF_TEMPLATE',38,'byzd1','备用字段1','C','40','1','0','0');
insert into app_tablereg (tablename,fldsn,fldid,fldname,fldtype,fldlen,iskey,isnull,fldshd) values('BATCH_DSDF_TEMPLATE',39,'byzd2','备用字段2','C','40','1','0','0');
insert into app_tablereg (tablename,fldsn,fldid,fldname,fldtype,fldlen,decimaldigits,iskey,isnull,fldshd) values('BATCH_DSDF_TEMPLATE',40,'byzd3','备用字段3','D','15','2','1','0','0');
insert into app_tablereg (tablename,fldsn,fldid,fldname,fldtype,iskey,isnull,fldshd) values('BATCH_DSDF_TEMPLATE',41,'byzd4','备用字段4','I','1','0','0');
insert into app_tablereg (tablename,fldsn,fldid,fldname,fldtype,fldlen,iskey,isnull,fldshd) values('BATCH_DSDF_TEMPLATE',42,'jlzt','记录状态','C','8','1','0','0');
insert into app_tablereg (tablename,fldsn,fldid,fldname,fldtype,fldlen,iskey,isnull,fldshd) values('BATCH_DSDF_TEMPLATE',43,'zjyxq','证件有效期','C','8','1','0','0');
insert into app_tablereg (tablename,fldsn,fldid,fldname,fldtype,fldlen,iskey,isnull,fldshd) values('BATCH_DSDF_TEMPLATE',44,'zjlx','证件类型','C','3','1','0','0');
insert into app_tablereg (tablename,fldsn,fldid,fldname,fldtype,fldlen,iskey,isnull,fldshd) values('BATCH_DSDF_TEMPLATE',45,'xb','性别','C','1','1','0','0');
insert into app_tablereg (tablename,fldsn,fldid,fldname,fldtype,fldlen,iskey,isnull,fldshd) values('BATCH_DSDF_TEMPLATE',46,'csrq','出生日期','C','8','1','0','0');
insert into app_tablereg (tablename,fldsn,fldid,fldname,fldtype,fldlen,iskey,isnull,fldshd) values('BATCH_DSDF_TEMPLATE',47,'fzjg','发证机关','C','60','1','0','0');
insert into app_tablereg (tablename,fldsn,fldid,fldname,fldtype,fldlen,iskey,isnull,fldshd) values('BATCH_DSDF_TEMPLATE',48,'dz','地址','C','120','1','0','0');
insert into app_tablereg (tablename,fldsn,fldid,fldname,fldtype,fldlen,iskey,isnull,fldshd) values('BATCH_DSDF_TEMPLATE',49,'yzbm','邮政编码','C','7','1','0','0');
insert into app_tablereg (tablename,fldsn,fldid,fldname,fldtype,fldlen,iskey,isnull,fldshd) values('BATCH_DSDF_TEMPLATE',50,'dhhm','电话号码','C','15','1','0','0');
insert into app_tablereg (tablename,fldsn,fldid,fldname,fldtype,fldlen,iskey,isnull,fldshd) values('BATCH_DSDF_TEMPLATE',51,'zy','职业','C','40','1','0','0');
insert into app_tablereg (tablename,fldsn,fldid,fldname,fldtype,fldlen,iskey,isnull,fldshd) values('BATCH_DSDF_TEMPLATE',52,'gzdw','工作单位','C','120','1','0','0');
insert into app_tablereg (tablename,fldsn,fldid,fldname,fldtype,fldlen,iskey,isnull,fldshd) values('BATCH_DSDF_TEMPLATE',53,'ssjmsf','税收居民身份','C','3','1','0','0');
insert into app_tablereg (tablename,fldsn,fldid,fldname,fldtype,fldlen,iskey,isnull,fldshd) values('BATCH_DSDF_TEMPLATE',54,'kxrq','款项日期','C','8','1','0','0');
insert into app_tablereg (tablename,fldsn,fldid,fldname,fldtype,fldlen,decimaldigits,iskey,isnull,fldshd) values('BATCH_DSDF_TEMPLATE',55,'ywje','业务金额','D','15','2','1','0','0');
insert into app_tablereg (tablename,fldsn,fldid,fldname,fldtype,fldlen,decimaldigits,iskey,isnull,fldshd) values('BATCH_DSDF_TEMPLATE',56,'sjywje','实际业务金额','D','15','2','1','0','0');
insert into app_tablereg (tablename,fldsn,fldid,fldname,fldtype,fldlen,decimaldigits,iskey,isnull,fldshd) values('BATCH_DSDF_TEMPLATE',57,'fyje1','费用1','D','15','2','1','0','0');
insert into app_tablereg (tablename,fldsn,fldid,fldname,fldtype,fldlen,decimaldigits,iskey,isnull,fldshd) values('BATCH_DSDF_TEMPLATE',58,'sjfyje1','实际费用1','D','15','2','1','0','0');
insert into app_tablereg (tablename,fldsn,fldid,fldname,fldtype,fldlen,decimaldigits,iskey,isnull,fldshd) values('BATCH_DSDF_TEMPLATE',59,'fyje2','费用2','D','15','2','1','0','0');
insert into app_tablereg (tablename,fldsn,fldid,fldname,fldtype,fldlen,decimaldigits,iskey,isnull,fldshd) values('BATCH_DSDF_TEMPLATE',60,'sjfyje2','实际费用2','D','15','2','1','0','0');
insert into app_tablereg (tablename,fldsn,fldid,fldname,fldtype,fldlen,decimaldigits,iskey,isnull,fldshd) values('BATCH_DSDF_TEMPLATE',61,'fyje3','费用3','D','15','2','1','0','0');
insert into app_tablereg (tablename,fldsn,fldid,fldname,fldtype,fldlen,decimaldigits,iskey,isnull,fldshd) values('BATCH_DSDF_TEMPLATE',62,'sjfyje3','实际费用3','D','15','2','1','0','0');
insert into app_tablereg (tablename,fldsn,fldid,fldname,fldtype,fldlen,decimaldigits,iskey,isnull,fldshd) values('BATCH_DSDF_TEMPLATE',63,'fyje4','费用4','D','15','2','1','0','0');
insert into app_tablereg (tablename,fldsn,fldid,fldname,fldtype,fldlen,decimaldigits,iskey,isnull,fldshd) values('BATCH_DSDF_TEMPLATE',64,'sjfyje4','实际费用4','D','15','2','1','0','0');
insert into app_tablereg (tablename,fldsn,fldid,fldname,fldtype,fldlen,decimaldigits,iskey,isnull,fldshd) values('BATCH_DSDF_TEMPLATE',65,'fyje5','费用5','D','15','2','1','0','0');
insert into app_tablereg (tablename,fldsn,fldid,fldname,fldtype,fldlen,decimaldigits,iskey,isnull,fldshd) values('BATCH_DSDF_TEMPLATE',66,'sjfyje5','实际费用5','D','15','2','1','0','0');
insert into app_tablereg (tablename,fldsn,fldid,fldname,fldtype,fldlen,decimaldigits,iskey,isnull,fldshd) values('BATCH_DSDF_TEMPLATE',67,'sxfje','手续费金额','D','15','2','1','0','0');
insert into app_tablereg (tablename,fldsn,fldid,fldname,fldtype,fldlen,decimaldigits,iskey,isnull,fldshd) values('BATCH_DSDF_TEMPLATE',68,'sjsxfje','实际手续费金额','D','15','2','1','0','0');
insert into app_tablereg (tablename,fldsn,fldid,fldname,fldtype,fldlen,iskey,isnull,fldshd) values('BATCH_DSDF_TEMPLATE',69,'shzt','审核状态','C','1','1','0','0');
insert into app_tablereg (tablename,fldsn,fldid,fldname,fldtype,fldlen,iskey,isnull,fldshd) values('BATCH_DSDF_TEMPLATE',70,'clzt','处理状态','C','1','1','0','0');
insert into app_tablereg (tablename,fldsn,fldid,fldname,fldtype,fldlen,iskey,isnull,fldshd) values('BATCH_DSDF_TEMPLATE',71,'cgbz','成功标志','C','1','1','0','0');
insert into app_tablereg (tablename,fldsn,fldid,fldname,fldtype,fldlen,iskey,isnull,fldshd) values('BATCH_DSDF_TEMPLATE',72,'xym','响应码','C','8','1','0','0');
insert into app_tablereg (tablename,fldsn,fldid,fldname,fldtype,fldlen,iskey,isnull,fldshd) values('BATCH_DSDF_TEMPLATE',73,'xyxx','响应信息','C','60','1','0','0');
insert into app_tablereg (tablename,fldsn,fldid,fldname,fldtype,fldlen,iskey,isnull,fldshd) values('BATCH_DSDF_TEMPLATE',74,'zjrq','主机日期','C','8','1','0','0');
insert into app_tablereg (tablename,fldsn,fldid,fldname,fldtype,fldlen,iskey,isnull,fldshd) values('BATCH_DSDF_TEMPLATE',75,'zjsj','主机时间','C','6','1','0','0');
insert into app_tablereg (tablename,fldsn,fldid,fldname,fldtype,fldlen,iskey,isnull,fldshd) values('BATCH_DSDF_TEMPLATE',76,'zjlsh','主机流水号','C','32','1','0','0');
insert into app_tablereg (tablename,fldsn,fldid,fldname,fldtype,fldlen,iskey,isnull,fldshd) values('BATCH_DSDF_TEMPLATE',77,'zjxym','主机响应码','C','8','1','0','0');
insert into app_tablereg (tablename,fldsn,fldid,fldname,fldtype,fldlen,iskey,isnull,fldshd) values('BATCH_DSDF_TEMPLATE',78,'zjxyxx','主机响应信息','C','200','1','0','0');
insert into app_tablereg (tablename,fldsn,fldid,fldname,fldtype,fldlen,iskey,isnull,fldshd) values('BATCH_DSDF_TEMPLATE',79,'dsfsj','第三方时间','C','6','1','0','0');
insert into app_tablereg (tablename,fldsn,fldid,fldname,fldtype,fldlen,iskey,isnull,fldshd) values('BATCH_DSDF_TEMPLATE',80,'dsfrq','第三方日期','C','8','1','0','0');
insert into app_tablereg (tablename,fldsn,fldid,fldname,fldtype,fldlen,iskey,isnull,fldshd) values('BATCH_DSDF_TEMPLATE',81,'dsflsh','第三方流水号','C','32','1','0','0');
insert into app_tablereg (tablename,fldsn,fldid,fldname,fldtype,fldlen,iskey,isnull,fldshd) values('BATCH_DSDF_TEMPLATE',82,'dsfxym','第三方响应码','C','8','1','0','0');
insert into app_tablereg (tablename,fldsn,fldid,fldname,fldtype,fldlen,iskey,isnull,fldshd) values('BATCH_DSDF_TEMPLATE',83,'dsfxyxx','第三方响应信息','C','60','1','0','0');
insert into app_tablereg (tablename,fldsn,fldid,fldname,fldtype,fldlen,iskey,isnull,fldshd) values('BATCH_DSDF_TEMPLATE',84,'wbrq','外部日期','C','8','1','0','0');
insert into app_tablereg (tablename,fldsn,fldid,fldname,fldtype,fldlen,iskey,isnull,fldshd) values('BATCH_DSDF_TEMPLATE',85,'wbpch','外部批次号','C','32','1','1','0');
insert into app_tablereg (tablename,fldsn,fldid,fldname,fldtype,iskey,isnull,fldshd) values('BATCH_DSDF_TEMPLATE',86,'wbxh','外部序号','I','1','1','0');
insert into app_tablereg (tablename,fldsn,fldid,fldname,fldtype,fldlen,iskey,isnull,fldshd) values('BATCH_DSDF_TEMPLATE',87,'zjpch','主机批次号','C','32','1','1','0');
insert into app_tablereg (tablename,fldsn,fldid,fldname,fldtype,fldlen,iskey,isnull,fldshd) values('BATCH_DSDF_TEMPLATE',88,'kzzd1','扩展字段1','V','10','1','0','0');
insert into app_tablereg (tablename,fldsn,fldid,fldname,fldtype,fldlen,iskey,isnull,fldshd) values('BATCH_DSDF_TEMPLATE',89,'kzzd2','扩展字段2','V','20','1','0','0');
insert into app_tablereg (tablename,fldsn,fldid,fldname,fldtype,fldlen,iskey,isnull,fldshd) values('BATCH_DSDF_TEMPLATE',90,'kzzd3','扩展字段3','V','50','1','0','0');
insert into app_tablereg (tablename,fldsn,fldid,fldname,fldtype,fldlen,iskey,isnull,fldshd) values('BATCH_DSDF_TEMPLATE',91,'kzzd4','扩展字段4','V','100','1','0','0');
insert into app_tablereg (tablename,fldsn,fldid,fldname,fldtype,fldlen,iskey,isnull,fldshd) values('BATCH_DSDF_TEMPLATE',92,'kzzd5','扩展字段5','V','200','1','0','0');
insert into app_tablereg (tablename,fldsn,fldid,fldname,fldtype,fldlen,iskey,isnull,fldshd) values('BATCH_DSDF_TEMPLATE',93,'kzzd6','扩展字段6','V','256','1','0','0');
insert into app_tablereg (tablename,fldsn,fldid,fldname,fldtype,fldlen,iskey,isnull,fldshd) values('BATCH_DSDF_TEMPLATE',94,'kzzd7','扩展字段7','V','512','1','0','0');
insert into app_tablereg (tablename,fldsn,fldid,fldname,fldtype,fldlen,iskey,isnull,fldshd) values('BATCH_DSDF_TEMPLATE',95,'kzzd8','扩展字段8','V','1024','1','0','0');
insert into app_tablereg (tablename,fldsn,fldid,fldname,fldtype,iskey,isnull,fldshd) values('BATCH_DSDF_TEMPLATE',96,'kzzd9','扩展字段9','I','1','0','0');
insert into app_tablereg (tablename,fldsn,fldid,fldname,fldtype,fldlen,decimaldigits,iskey,isnull,fldshd) values('BATCH_DSDF_TEMPLATE',97,'kzzd10','扩展字段10','D','20','2','1','0','0');
insert into app_tableinfo (tablecode,tablename,tabletype,table_mb,whjg,whgy,whsj) values('BATCH_DSDF_TEMPLATE','批量代收代付明细模板','2','BATCH_LLCZ_PLCZ','00000','czh','20171009164750');
insert into batch_mapinfo (mapid,maptype,mapidnote,ywbm,tjwjbs,thwjbs,jlsxz,zhbz,zhbs,whjg,whgy,whsj) values('MAP_PLDF_CORE','1','批量代付主机映射','BATCH_DSDF_TEMPLATE','FILE_COREBANK_BAB_REQ','FILE_COREBANK_BAB_RESP',5000,'0','RESP_COREBANK_BAB','00000','czh','20171128192658');
insert into batch_filemap (mapid,flxh,columnsn,columnid,zjszwz,zjjgwz,hpwjwz) values('MAP_PLDF_CORE',0,1,'pkrq',4,0,0);
insert into batch_filemap (mapid,flxh,columnsn,columnid,zjszwz,zjjgwz,hpwjwz) values('MAP_PLDF_CORE',0,2,'ptpch',0,0,0);
insert into batch_filemap (mapid,flxh,columnsn,columnid,zjszwz,zjjgwz,thgxbz,hpwjwz) values('MAP_PLDF_CORE',0,3,'lsxh',7,7,'2',0);
insert into batch_filemap (mapid,flxh,columnsn,columnid,zjszwz,zjjgwz,hpwjwz) values('MAP_PLDF_CORE',0,4,'wjxh',0,0,0);
insert into batch_filemap (mapid,flxh,columnsn,columnid,zjszwz,zjjgwz,hpwjwz) values('MAP_PLDF_CORE',0,5,'jdbz',0,0,0);
insert into batch_filemap (mapid,flxh,columnsn,columnid,zjszwz,zjjgwz,hpwjwz) values('MAP_PLDF_CORE',0,6,'zydm',24,0,0);
insert into batch_filemap (mapid,flxh,columnsn,columnid,zjszwz,zjjgwz,hpwjwz) values('MAP_PLDF_CORE',0,7,'ywbh',0,0,0);
insert into batch_filemap (mapid,flxh,columnsn,columnid,zjszwz,zjjgwz,hpwjwz) values('MAP_PLDF_CORE',0,8,'dwbh',0,0,0);
insert into batch_filemap (mapid,flxh,columnsn,columnid,zjszwz,zjjgwz,hpwjwz) values('MAP_PLDF_CORE',0,9,'jlbs',0,0,0);
insert into batch_filemap (mapid,flxh,columnsn,columnid,zjszwz,zjjgwz,hpwjwz) values('MAP_PLDF_CORE',0,10,'yhh1',0,0,0);
insert into batch_filemap (mapid,flxh,columnsn,columnid,zjszwz,zjjgwz,hpwjwz) values('MAP_PLDF_CORE',0,11,'yhxm',0,0,0);
insert into batch_filemap (mapid,flxh,columnsn,columnid,zjszwz,zjjgwz,hpwjwz) values('MAP_PLDF_CORE',0,12,'zjhm',37,0,0);
insert into batch_filemap (mapid,flxh,columnsn,columnid,zjszwz,zjjgwz,hpwjwz) values('MAP_PLDF_CORE',0,13,'yhzh',0,0,0);
insert into batch_filemap (mapid,flxh,columnsn,columnid,zjszwz,zjjgwz,hpwjwz) values('MAP_PLDF_CORE',0,14,'fkrzh',8,0,0);
insert into batch_filemap (mapid,flxh,columnsn,columnid,zjszwz,zjjgwz,hpwjwz) values('MAP_PLDF_CORE',0,15,'fkrxm',9,0,0);
insert into batch_filemap (mapid,flxh,columnsn,columnid,zjszwz,zjjgwz,hpwjwz) values('MAP_PLDF_CORE',0,16,'fkhhh',10,0,0);
insert into batch_filemap (mapid,flxh,columnsn,columnid,zjszwz,zjjgwz,hpwjwz) values('MAP_PLDF_CORE',0,17,'fkhhm',11,0,0);
insert into batch_filemap (mapid,flxh,columnsn,columnid,zjszwz,zjjgwz,thgxbz,hpwjwz) values('MAP_PLDF_CORE',0,18,'skrzh',12,12,'1',0);
insert into batch_filemap (mapid,flxh,columnsn,columnid,zjszwz,zjjgwz,hpwjwz) values('MAP_PLDF_CORE',0,19,'skrxm',13,0,0);
insert into batch_filemap (mapid,flxh,columnsn,columnid,zjszwz,zjjgwz,hpwjwz) values('MAP_PLDF_CORE',0,20,'skhhh',14,0,0);
insert into batch_filemap (mapid,flxh,columnsn,columnid,zjszwz,zjjgwz,hpwjwz) values('MAP_PLDF_CORE',0,21,'skhhm',15,0,0);
insert into batch_filemap (mapid,flxh,columnsn,columnid,zjszwz,zjjgwz,hpwjwz) values('MAP_PLDF_CORE',0,22,'jyje',16,0,0);
insert into batch_filemap (mapid,flxh,columnsn,columnid,zjszwz,zjjgwz,thgxbz,hpwjwz) values('MAP_PLDF_CORE',0,23,'sjje',18,18,'1',0);
insert into batch_filemap (mapid,flxh,columnsn,columnid,zjszwz,zjjgwz,hpwjwz) values('MAP_PLDF_CORE',0,24,'ptlsh',1,0,0);
insert into batch_filemap (mapid,flxh,columnsn,columnid,zjszwz,zjjgwz,hpwjwz) values('MAP_PLDF_CORE',0,25,'ywlsh',2,0,0);
insert into batch_filemap (mapid,flxh,columnsn,columnid,zjszwz,zjjgwz,hpwjwz) values('MAP_PLDF_CORE',0,26,'jylsh',3,0,0);
insert into batch_filemap (mapid,flxh,columnsn,columnid,zjszwz,zjjgwz,hpwjwz) values('MAP_PLDF_CORE',0,27,'ptdm',5,0,0);
insert into batch_filemap (mapid,flxh,columnsn,columnid,zjszwz,zjjgwz,hpwjwz) values('MAP_PLDF_CORE',0,28,'bfkkbz',17,0,0);
insert into batch_filemap (mapid,flxh,columnsn,columnid,zjszwz,zjjgwz,hpwjwz) values('MAP_PLDF_CORE',0,29,'bz',19,0,0);
insert into batch_filemap (mapid,flxh,columnsn,columnid,zjszwz,zjjgwz,hpwjwz) values('MAP_PLDF_CORE',0,30,'gylsh',20,0,0);
insert into batch_filemap (mapid,flxh,columnsn,columnid,zjszwz,zjjgwz,thgxbz,hpwjwz) values('MAP_PLDF_CORE',0,31,'zwrq',21,21,'1',0);
insert into batch_filemap (mapid,flxh,columnsn,columnid,zjszwz,zjjgwz,thgxbz,hpwjwz) values('MAP_PLDF_CORE',0,32,'czlsh',22,22,'1',0);
insert into batch_filemap (mapid,flxh,columnsn,columnid,zjszwz,zjjgwz,thgxbz,hpwjwz) values('MAP_PLDF_CORE',0,33,'czrq',23,23,'1',0);
insert into batch_filemap (mapid,flxh,columnsn,columnid,zjszwz,zjjgwz,thgxbz,hpwjwz) values('MAP_PLDF_CORE',0,34,'djxtrq',25,25,'1',0);
insert into batch_filemap (mapid,flxh,columnsn,columnid,zjszwz,zjjgwz,thgxbz,hpwjwz) values('MAP_PLDF_CORE',0,35,'djxtsj',26,26,'1',0);
insert into batch_filemap (mapid,flxh,columnsn,columnid,zjszwz,zjjgwz,thgxbz,hpwjwz) values('MAP_PLDF_CORE',0,36,'zhgxrq',27,27,'1',0);
insert into batch_filemap (mapid,flxh,columnsn,columnid,zjszwz,zjjgwz,thgxbz,hpwjwz) values('MAP_PLDF_CORE',0,37,'zhgxsj',28,28,'1',0);
insert into batch_filemap (mapid,flxh,columnsn,columnid,zjszwz,zjjgwz,hpwjwz) values('MAP_PLDF_CORE',0,38,'byzd1',0,0,0);
insert into batch_filemap (mapid,flxh,columnsn,columnid,zjszwz,zjjgwz,hpwjwz) values('MAP_PLDF_CORE',0,39,'byzd2',0,0,0);
insert into batch_filemap (mapid,flxh,columnsn,columnid,zjszwz,zjjgwz,thgxbz,hpwjwz) values('MAP_PLDF_CORE',0,40,'byzd3',33,33,'1',0);
insert into batch_filemap (mapid,flxh,columnsn,columnid,zjszwz,zjjgwz,thgxbz,hpwjwz) values('MAP_PLDF_CORE',0,41,'byzd4',34,34,'1',0);
insert into batch_filemap (mapid,flxh,columnsn,columnid,zjszwz,zjjgwz,thgxbz,hpwjwz) values('MAP_PLDF_CORE',0,42,'jlzt',35,35,'1',0);
insert into batch_filemap (mapid,flxh,columnsn,columnid,zjszwz,zjjgwz,hpwjwz) values('MAP_PLDF_CORE',0,43,'zjyxq',38,0,0);
insert into batch_filemap (mapid,flxh,columnsn,columnid,zjszwz,zjjgwz,hpwjwz) values('MAP_PLDF_CORE',0,44,'zjlx',36,0,0);
insert into batch_filemap (mapid,flxh,columnsn,columnid,zjszwz,zjjgwz,hpwjwz) values('MAP_PLDF_CORE',0,45,'xb',39,0,0);
insert into batch_filemap (mapid,flxh,columnsn,columnid,zjszwz,zjjgwz,hpwjwz) values('MAP_PLDF_CORE',0,46,'csrq',40,0,0);
insert into batch_filemap (mapid,flxh,columnsn,columnid,zjszwz,zjjgwz,hpwjwz) values('MAP_PLDF_CORE',0,47,'fzjg',41,0,0);
insert into batch_filemap (mapid,flxh,columnsn,columnid,zjszwz,zjjgwz,hpwjwz) values('MAP_PLDF_CORE',0,48,'dz',42,0,0);
insert into batch_filemap (mapid,flxh,columnsn,columnid,zjszwz,zjjgwz,hpwjwz) values('MAP_PLDF_CORE',0,49,'yzbm',43,0,0);
insert into batch_filemap (mapid,flxh,columnsn,columnid,zjszwz,zjjgwz,hpwjwz) values('MAP_PLDF_CORE',0,50,'dhhm',44,0,0);
insert into batch_filemap (mapid,flxh,columnsn,columnid,zjszwz,zjjgwz,hpwjwz) values('MAP_PLDF_CORE',0,51,'zy',45,0,0);
insert into batch_filemap (mapid,flxh,columnsn,columnid,zjszwz,zjjgwz,hpwjwz) values('MAP_PLDF_CORE',0,52,'gzdw',46,0,0);
insert into batch_filemap (mapid,flxh,columnsn,columnid,zjszwz,zjjgwz,hpwjwz) values('MAP_PLDF_CORE',0,53,'ssjmsf',47,0,0);
insert into batch_filemap (mapid,flxh,columnsn,columnid,zjszwz,zjjgwz,hpwjwz) values('MAP_PLDF_CORE',0,54,'kxrq',0,0,0);
insert into batch_filemap (mapid,flxh,columnsn,columnid,zjszwz,zjjgwz,hpwjwz) values('MAP_PLDF_CORE',0,55,'ywje',0,0,0);
insert into batch_filemap (mapid,flxh,columnsn,columnid,zjszwz,zjjgwz,hpwjwz) values('MAP_PLDF_CORE',0,56,'sjywje',0,0,0);
insert into batch_filemap (mapid,flxh,columnsn,columnid,zjszwz,zjjgwz,hpwjwz) values('MAP_PLDF_CORE',0,57,'fyje1',0,0,0);
insert into batch_filemap (mapid,flxh,columnsn,columnid,zjszwz,zjjgwz,hpwjwz) values('MAP_PLDF_CORE',0,58,'sjfyje1',0,0,0);
insert into batch_filemap (mapid,flxh,columnsn,columnid,zjszwz,zjjgwz,hpwjwz) values('MAP_PLDF_CORE',0,59,'fyje2',0,0,0);
insert into batch_filemap (mapid,flxh,columnsn,columnid,zjszwz,zjjgwz,hpwjwz) values('MAP_PLDF_CORE',0,60,'sjfyje2',0,0,0);
insert into batch_filemap (mapid,flxh,columnsn,columnid,zjszwz,zjjgwz,hpwjwz) values('MAP_PLDF_CORE',0,61,'fyje3',0,0,0);
insert into batch_filemap (mapid,flxh,columnsn,columnid,zjszwz,zjjgwz,hpwjwz) values('MAP_PLDF_CORE',0,62,'sjfyje3',0,0,0);
insert into batch_filemap (mapid,flxh,columnsn,columnid,zjszwz,zjjgwz,hpwjwz) values('MAP_PLDF_CORE',0,63,'fyje4',0,0,0);
insert into batch_filemap (mapid,flxh,columnsn,columnid,zjszwz,zjjgwz,hpwjwz) values('MAP_PLDF_CORE',0,64,'sjfyje4',0,0,0);
insert into batch_filemap (mapid,flxh,columnsn,columnid,zjszwz,zjjgwz,hpwjwz) values('MAP_PLDF_CORE',0,65,'fyje5',0,0,0);
insert into batch_filemap (mapid,flxh,columnsn,columnid,zjszwz,zjjgwz,hpwjwz) values('MAP_PLDF_CORE',0,66,'sjfyje5',0,0,0);
insert into batch_filemap (mapid,flxh,columnsn,columnid,zjszwz,zjjgwz,hpwjwz) values('MAP_PLDF_CORE',0,67,'sxfje',0,0,0);
insert into batch_filemap (mapid,flxh,columnsn,columnid,zjszwz,zjjgwz,hpwjwz) values('MAP_PLDF_CORE',0,68,'sjsxfje',0,0,0);
insert into batch_filemap (mapid,flxh,columnsn,columnid,zjszwz,zjjgwz,hpwjwz) values('MAP_PLDF_CORE',0,69,'shzt',0,0,0);
insert into batch_filemap (mapid,flxh,columnsn,columnid,zjszwz,zjjgwz,hpwjwz) values('MAP_PLDF_CORE',0,70,'clzt',0,0,0);
insert into batch_filemap (mapid,flxh,columnsn,columnid,zjszwz,zjjgwz,hpwjwz) values('MAP_PLDF_CORE',0,71,'cgbz',0,0,0);
insert into batch_filemap (mapid,flxh,columnsn,columnid,zjszwz,zjjgwz,thgxbz,hpwjwz) values('MAP_PLDF_CORE',0,72,'xym',0,35,'1',0);
insert into batch_filemap (mapid,flxh,columnsn,columnid,zjszwz,zjjgwz,hpwjwz) values('MAP_PLDF_CORE',0,73,'xyxx',0,0,0);
insert into batch_filemap (mapid,flxh,columnsn,columnid,zjszwz,zjjgwz,hpwjwz) values('MAP_PLDF_CORE',0,74,'zjrq',0,0,0);
insert into batch_filemap (mapid,flxh,columnsn,columnid,zjszwz,zjjgwz,hpwjwz) values('MAP_PLDF_CORE',0,75,'zjsj',0,0,0);
insert into batch_filemap (mapid,flxh,columnsn,columnid,zjszwz,zjjgwz,hpwjwz) values('MAP_PLDF_CORE',0,76,'zjlsh',0,0,0);
insert into batch_filemap (mapid,flxh,columnsn,columnid,zjszwz,zjjgwz,thgxbz,hpwjwz) values('MAP_PLDF_CORE',0,77,'zjxym',29,29,'1',0);
insert into batch_filemap (mapid,flxh,columnsn,columnid,zjszwz,zjjgwz,thgxbz,hpwjwz) values('MAP_PLDF_CORE',0,78,'zjxyxx',30,30,'1',0);
insert into batch_filemap (mapid,flxh,columnsn,columnid,zjszwz,zjjgwz,hpwjwz) values('MAP_PLDF_CORE',0,79,'dsfsj',0,0,0);
insert into batch_filemap (mapid,flxh,columnsn,columnid,zjszwz,zjjgwz,hpwjwz) values('MAP_PLDF_CORE',0,80,'dsfrq',0,0,0);
insert into batch_filemap (mapid,flxh,columnsn,columnid,zjszwz,zjjgwz,hpwjwz) values('MAP_PLDF_CORE',0,81,'dsflsh',0,0,0);
insert into batch_filemap (mapid,flxh,columnsn,columnid,zjszwz,zjjgwz,hpwjwz) values('MAP_PLDF_CORE',0,82,'dsfxym',0,0,0);
insert into batch_filemap (mapid,flxh,columnsn,columnid,zjszwz,zjjgwz,hpwjwz) values('MAP_PLDF_CORE',0,83,'dsfxyxx',0,0,0);
insert into batch_filemap (mapid,flxh,columnsn,columnid,zjszwz,zjjgwz,hpwjwz) values('MAP_PLDF_CORE',0,84,'wbrq',0,0,0);
insert into batch_filemap (mapid,flxh,columnsn,columnid,zjszwz,zjjgwz,hpwjwz) values('MAP_PLDF_CORE',0,85,'wbpch',0,0,0);
insert into batch_filemap (mapid,flxh,columnsn,columnid,zjszwz,zjjgwz,hpwjwz) values('MAP_PLDF_CORE',0,86,'wbxh',0,0,0);
insert into batch_filemap (mapid,flxh,columnsn,columnid,zjszwz,zjjgwz,thgxbz,hpwjwz) values('MAP_PLDF_CORE',0,87,'zjpch',6,6,'2',0);
insert into batch_filemap (mapid,flxh,columnsn,columnid,zjszwz,zjjgwz,hpwjwz) values('MAP_PLDF_CORE',0,88,'kzzd1',0,0,0);
insert into batch_filemap (mapid,flxh,columnsn,columnid,zjszwz,zjjgwz,hpwjwz) values('MAP_PLDF_CORE',0,89,'kzzd2',0,0,0);
insert into batch_filemap (mapid,flxh,columnsn,columnid,zjszwz,zjjgwz,hpwjwz) values('MAP_PLDF_CORE',0,90,'kzzd3',0,0,0);
insert into batch_filemap (mapid,flxh,columnsn,columnid,zjszwz,zjjgwz,hpwjwz) values('MAP_PLDF_CORE',0,91,'kzzd4',31,0,0);
insert into batch_filemap (mapid,flxh,columnsn,columnid,zjszwz,zjjgwz,hpwjwz) values('MAP_PLDF_CORE',0,92,'kzzd5',32,0,0);
insert into batch_filemap (mapid,flxh,columnsn,columnid,zjszwz,zjjgwz,hpwjwz) values('MAP_PLDF_CORE',0,93,'kzzd6',0,0,0);
insert into batch_filemap (mapid,flxh,columnsn,columnid,zjszwz,zjjgwz,hpwjwz) values('MAP_PLDF_CORE',0,94,'kzzd7',0,0,0);
insert into batch_filemap (mapid,flxh,columnsn,columnid,zjszwz,zjjgwz,hpwjwz) values('MAP_PLDF_CORE',0,95,'kzzd8',0,0,0);
insert into batch_filemap (mapid,flxh,columnsn,columnid,zjszwz,zjjgwz,hpwjwz) values('MAP_PLDF_CORE',0,96,'kzzd9',0,0,0);
insert into batch_filemap (mapid,flxh,columnsn,columnid,zjszwz,zjjgwz,hpwjwz) values('MAP_PLDF_CORE',0,97,'kzzd10',0,0,0);
insert into batch_filetype (fileid,fileidnote,filetype,filefmt,codefmt,whjg,whgy,whsj) values('FILE_PLDF_REQ','批量代付请求文件','0','02','0','00000','czh','20171120162424');
insert into batch_filesort (fileid,fileclasssn,classname,classtype,higherupsn,columnno,columnflag,columnsprtr) values('FILE_PLDF_REQ',1,'批量代付首行','1',0,0,'3','59');
insert into batch_filesort (fileid,fileclasssn,classname,classtype,higherupsn,columnno,columnflag,columnsprtr) values('FILE_PLDF_REQ',2,'批量代付请求文件','2',0,0,'2','124');
insert into batch_filecolumn (fileid,fileclasssn,columnsn,columnid,isid,columnname,offset,columnlen,iprecision,izoom,ifiller) values('FILE_PLDF_REQ',1,1,'compno','1','单位编号',1,0,0,0,0);
insert into batch_filecolumn (fileid,fileclasssn,columnsn,columnid,isid,columnname,offset,columnlen,iprecision,izoom,ifiller) values('FILE_PLDF_REQ',1,2,'remark','0','版本备注信息',1,0,0,0,0);
insert into batch_filecolumn (fileid,fileclasssn,columnsn,columnid,isid,columnname,offset,columnlen,iprecision,izoom,ifiller) values('FILE_PLDF_REQ',2,1,'batchno','0','批号',1,0,0,0,0);
insert into batch_filecolumn (fileid,fileclasssn,columnsn,columnid,isid,columnname,offset,columnlen,iprecision,izoom,ifiller) values('FILE_PLDF_REQ',2,2,'num','1','序号',1,0,0,0,0);
insert into batch_filecolumn (fileid,fileclasssn,columnsn,columnid,isid,columnname,offset,columnlen,iprecision,izoom,ifiller) values('FILE_PLDF_REQ',2,3,'tellerno','0','交易柜员',1,0,0,0,0);
insert into batch_filecolumn (fileid,fileclasssn,columnsn,columnid,isid,columnname,offset,columnlen,iprecision,izoom,ifiller) values('FILE_PLDF_REQ',2,4,'dealflag','0','处理标志',1,0,0,0,0);
insert into batch_filecolumn (fileid,fileclasssn,columnsn,columnid,isid,columnname,offset,columnlen,iprecision,izoom,ifiller) values('FILE_PLDF_REQ',2,5,'accttype','0','账号类型',1,0,0,0,0);
insert into batch_filecolumn (fileid,fileclasssn,columnsn,columnid,isid,columnname,offset,columnlen,iprecision,izoom,ifiller) values('FILE_PLDF_REQ',2,6,'payeeacctno','0','贷方帐号',1,0,0,0,0);
insert into batch_filecolumn (fileid,fileclasssn,columnsn,columnid,isid,columnname,offset,columnlen,iprecision,izoom,ifiller) values('FILE_PLDF_REQ',2,7,'tranamt','1','交易金额',1,0,2,0,0);
insert into batch_filecolumn (fileid,fileclasssn,columnsn,columnid,isid,columnname,offset,columnlen,iprecision,izoom,ifiller) values('FILE_PLDF_REQ',2,8,'payeeacctname','1','贷方户名',1,0,0,0,0);
insert into batch_filecolumn (fileid,fileclasssn,columnsn,columnid,isid,columnname,offset,columnlen,iprecision,izoom,ifiller) values('FILE_PLDF_REQ',2,9,'certtype','0','证件类型',1,0,0,0,0);
insert into batch_filecolumn (fileid,fileclasssn,columnsn,columnid,isid,columnname,offset,columnlen,iprecision,izoom,ifiller) values('FILE_PLDF_REQ',2,10,'certnum','0','证件号码',1,0,0,0,0);
insert into batch_filecolumn (fileid,fileclasssn,columnsn,columnid,isid,columnname,offset,columnlen,iprecision,izoom,ifiller) values('FILE_PLDF_REQ',2,11,'certperiod','0','证件有效期',1,0,0,0,0);
insert into batch_filecolumn (fileid,fileclasssn,columnsn,columnid,isid,columnname,offset,columnlen,iprecision,izoom,ifiller) values('FILE_PLDF_REQ',2,12,'sex','0','性别',1,0,0,0,0);
insert into batch_filecolumn (fileid,fileclasssn,columnsn,columnid,isid,columnname,offset,columnlen,iprecision,izoom,ifiller) values('FILE_PLDF_REQ',2,13,'birthday','0','出生日期',1,0,0,0,0);
insert into batch_filecolumn (fileid,fileclasssn,columnsn,columnid,isid,columnname,offset,columnlen,iprecision,izoom,ifiller) values('FILE_PLDF_REQ',2,14,'address','0','地址',1,0,0,0,0);
insert into batch_filecolumn (fileid,fileclasssn,columnsn,columnid,isid,columnname,offset,columnlen,iprecision,izoom,ifiller) values('FILE_PLDF_REQ',2,15,'issueauth','0','发证机关',1,0,0,0,0);
insert into batch_filecolumn (fileid,fileclasssn,columnsn,columnid,isid,columnname,offset,columnlen,iprecision,izoom,ifiller) values('FILE_PLDF_REQ',2,16,'zipcode','0','邮政编码',1,0,0,0,0);
insert into batch_filecolumn (fileid,fileclasssn,columnsn,columnid,isid,columnname,offset,columnlen,iprecision,izoom,ifiller) values('FILE_PLDF_REQ',2,17,'telnum','0','电话号码',1,0,0,0,0);
insert into batch_filecolumn (fileid,fileclasssn,columnsn,columnid,isid,columnname,offset,columnlen,iprecision,izoom,ifiller) values('FILE_PLDF_REQ',2,18,'stat','0','状态',1,0,0,0,0);
insert into batch_filecolumn (fileid,fileclasssn,columnsn,columnid,isid,columnname,offset,columnlen,iprecision,izoom,ifiller) values('FILE_PLDF_REQ',2,19,'oppbankno','0','对方行号',1,0,0,0,0);
insert into batch_filecolumn (fileid,fileclasssn,columnsn,columnid,isid,columnname,offset,columnlen,iprecision,izoom,ifiller) values('FILE_PLDF_REQ',2,20,'oppbankname','0','对方行名',1,0,0,0,0);
insert into batch_filecolumn (fileid,fileclasssn,columnsn,columnid,isid,columnname,offset,columnlen,iprecision,izoom,ifiller) values('FILE_PLDF_REQ',2,21,'ps','0','附言',1,0,0,0,0);
insert into batch_filecolumn (fileid,fileclasssn,columnsn,columnid,isid,columnname,offset,columnlen,iprecision,izoom,ifiller) values('FILE_PLDF_REQ',2,22,'remark','0','备注',1,0,0,0,0);
insert into batch_filecolumn (fileid,fileclasssn,columnsn,columnid,isid,columnname,offset,columnlen,iprecision,izoom,ifiller) values('FILE_PLDF_REQ',2,23,'profession','0','职业',1,0,0,0,0);
insert into batch_filecolumn (fileid,fileclasssn,columnsn,columnid,isid,columnname,offset,columnlen,iprecision,izoom,ifiller) values('FILE_PLDF_REQ',2,24,'company','0','工作单位',1,0,0,0,0);
insert into batch_filecolumn (fileid,fileclasssn,columnsn,columnid,isid,columnname,offset,columnlen,iprecision,izoom,ifiller) values('FILE_PLDF_REQ',2,25,'revenue_flag','0','税收居民身份',1,0,0,0,0);
insert into batch_filetype (fileid,fileidnote,filetype,filefmt,codefmt,whjg,whgy,whsj) values('FILE_PLDF_RESP','批量代付响应文件','0','01','0','00000','czh','20170822172412');
insert into batch_filesort (fileid,fileclasssn,classname,classtype,higherupsn,columnno,columnflag,columnsprtr) values('FILE_PLDF_RESP',1,'批量代付响应文件','2',0,0,'2','124');
insert into batch_filecolumn (fileid,fileclasssn,columnsn,columnid,isid,columnname,offset,columnlen,iprecision,izoom,ifiller) values('FILE_PLDF_RESP',1,1,'batchno','1','批次号',1,0,0,0,0);
insert into batch_filecolumn (fileid,fileclasssn,columnsn,columnid,isid,columnname,offset,columnlen,iprecision,izoom,ifiller) values('FILE_PLDF_RESP',1,2,'num','1','序号',1,0,0,0,0);
insert into batch_filecolumn (fileid,fileclasssn,columnsn,columnid,isid,columnname,offset,columnlen,iprecision,izoom,ifiller) values('FILE_PLDF_RESP',1,3,'payeeacctno','1','贷方帐号',1,0,0,0,0);
insert into batch_filecolumn (fileid,fileclasssn,columnsn,columnid,isid,columnname,offset,columnlen,iprecision,izoom,ifiller) values('FILE_PLDF_RESP',1,4,'certnum','0','证件号码',1,0,0,0,0);
insert into batch_filecolumn (fileid,fileclasssn,columnsn,columnid,isid,columnname,offset,columnlen,iprecision,izoom,ifiller) values('FILE_PLDF_RESP',1,5,'payeeacctname','1','贷方户名',1,0,0,0,0);
insert into batch_filecolumn (fileid,fileclasssn,columnsn,columnid,isid,columnname,offset,columnlen,iprecision,izoom,ifiller) values('FILE_PLDF_RESP',1,6,'tranamt','1','交易金额',1,0,2,0,0);
insert into batch_filecolumn (fileid,fileclasssn,columnsn,columnid,isid,columnname,offset,columnlen,iprecision,izoom,ifiller) values('FILE_PLDF_RESP',1,7,'factamt','0','客户实贷金额',1,0,0,0,0);
insert into batch_filecolumn (fileid,fileclasssn,columnsn,columnid,isid,columnname,offset,columnlen,iprecision,izoom,ifiller) values('FILE_PLDF_RESP',1,8,'accountdate','0','账务日期',1,0,0,0,0);
insert into batch_filecolumn (fileid,fileclasssn,columnsn,columnid,isid,columnname,offset,columnlen,iprecision,izoom,ifiller) values('FILE_PLDF_RESP',1,9,'respcode','0','错误信息',1,0,0,0,0);
insert into batch_filecolumn (fileid,fileclasssn,columnsn,columnid,isid,columnname,offset,columnlen,iprecision,izoom,ifiller) values('FILE_PLDF_RESP',1,10,'respmsg','0','错误描述',1,0,0,0,0);
insert into batch_filecolumn (fileid,fileclasssn,columnsn,columnid,isid,columnname,offset,columnlen,iprecision,izoom,ifiller) values('FILE_PLDF_RESP',1,11,'recordstate','0','记录状态',1,0,0,0,0);
insert into app_tablereg (tablename,fldsn,fldid,fldname,fldtype,fldlen,iskey,isnull,fldshd) values('BATCH_DSDF_DETAIL',1,'pkrq','批扣日期','C','8','0','1','0');
insert into app_tablereg (tablename,fldsn,fldid,fldname,fldtype,fldlen,iskey,isnull,fldshd) values('BATCH_DSDF_DETAIL',2,'ptpch','平台批次号','C','8','0','1','0');
insert into app_tablereg (tablename,fldsn,fldid,fldname,fldtype,iskey,isnull,fldshd) values('BATCH_DSDF_DETAIL',3,'lsxh','流水序号','I','0','1','0');
insert into app_tablereg (tablename,fldsn,fldid,fldname,fldtype,iskey,isnull,fldshd) values('BATCH_DSDF_DETAIL',4,'wjxh','文件序号','I','1','1','0');
insert into app_tablereg (tablename,fldsn,fldid,fldname,fldtype,fldlen,iskey,isnull,fldshd) values('BATCH_DSDF_DETAIL',5,'jdbz','借贷标志','C','1','1','0','0');
insert into app_tablereg (tablename,fldsn,fldid,fldname,fldtype,fldlen,iskey,isnull,fldshd) values('BATCH_DSDF_DETAIL',6,'zydm','摘要代码','C','16','1','0','0');
insert into app_tablereg (tablename,fldsn,fldid,fldname,fldtype,fldlen,iskey,isnull,fldshd) values('BATCH_DSDF_DETAIL',7,'ywbh','业务编号','C','16','1','0','0');
insert into app_tablereg (tablename,fldsn,fldid,fldname,fldtype,fldlen,iskey,isnull,fldshd) values('BATCH_DSDF_DETAIL',8,'dwbh','单位编号','C','16','1','0','0');
insert into app_tablereg (tablename,fldsn,fldid,fldname,fldtype,fldlen,iskey,isnull,fldshd) values('BATCH_DSDF_DETAIL',9,'jlbs','记录标识','C','32','1','0','0');
insert into app_tablereg (tablename,fldsn,fldid,fldname,fldtype,fldlen,iskey,isnull,fldshd) values('BATCH_DSDF_DETAIL',10,'yhh1','用户号','C','32','1','0','0');
insert into app_tablereg (tablename,fldsn,fldid,fldname,fldtype,fldlen,iskey,isnull,fldshd) values('BATCH_DSDF_DETAIL',11,'yhxm','用户姓名','C','80','1','0','0');
insert into app_tablereg (tablename,fldsn,fldid,fldname,fldtype,fldlen,iskey,isnull,fldshd) values('BATCH_DSDF_DETAIL',12,'zjhm','证件号码','C','32','1','0','0');
insert into app_tablereg (tablename,fldsn,fldid,fldname,fldtype,fldlen,iskey,isnull,fldshd) values('BATCH_DSDF_DETAIL',13,'yhzh','用户帐户','C','32','1','0','0');
insert into app_tablereg (tablename,fldsn,fldid,fldname,fldtype,fldlen,iskey,isnull,fldshd) values('BATCH_DSDF_DETAIL',14,'fkrzh','付款人账号','C','32','1','0','0');
insert into app_tablereg (tablename,fldsn,fldid,fldname,fldtype,fldlen,iskey,isnull,fldshd) values('BATCH_DSDF_DETAIL',15,'fkrxm','付款人姓名','C','200','1','0','0');
insert into app_tablereg (tablename,fldsn,fldid,fldname,fldtype,fldlen,iskey,isnull,fldshd) values('BATCH_DSDF_DETAIL',16,'fkhhh','付款行行号','C','12','1','0','0');
insert into app_tablereg (tablename,fldsn,fldid,fldname,fldtype,fldlen,iskey,isnull,fldshd) values('BATCH_DSDF_DETAIL',17,'fkhhm','付款行行名','C','200','1','0','0');
insert into app_tablereg (tablename,fldsn,fldid,fldname,fldtype,fldlen,iskey,isnull,fldshd) values('BATCH_DSDF_DETAIL',18,'skrzh','收款人账号','C','32','1','0','0');
insert into app_tablereg (tablename,fldsn,fldid,fldname,fldtype,fldlen,iskey,isnull,fldshd) values('BATCH_DSDF_DETAIL',19,'skrxm','收款人姓名','C','200','1','0','0');
insert into app_tablereg (tablename,fldsn,fldid,fldname,fldtype,fldlen,iskey,isnull,fldshd) values('BATCH_DSDF_DETAIL',20,'skhhh','收款行行号','C','12','1','0','0');
insert into app_tablereg (tablename,fldsn,fldid,fldname,fldtype,fldlen,iskey,isnull,fldshd) values('BATCH_DSDF_DETAIL',21,'skhhm','收款行行名','C','200','1','0','0');
insert into app_tablereg (tablename,fldsn,fldid,fldname,fldtype,fldlen,decimaldigits,iskey,isnull,fldshd) values('BATCH_DSDF_DETAIL',22,'jyje','交易金额','D','15','2','1','0','0');
insert into app_tablereg (tablename,fldsn,fldid,fldname,fldtype,fldlen,decimaldigits,iskey,isnull,fldshd) values('BATCH_DSDF_DETAIL',23,'sjje','实际金额','D','15','2','1','0','0');
insert into app_tablereg (tablename,fldsn,fldid,fldname,fldtype,fldlen,iskey,isnull,fldshd) values('BATCH_DSDF_DETAIL',24,'ptlsh','平台流水号','C','32','1','1','0');
insert into app_tablereg (tablename,fldsn,fldid,fldname,fldtype,fldlen,iskey,isnull,fldshd) values('BATCH_DSDF_DETAIL',25,'ywlsh','业务流水号','C','32','1','1','0');
insert into app_tablereg (tablename,fldsn,fldid,fldname,fldtype,fldlen,iskey,isnull,fldshd) values('BATCH_DSDF_DETAIL',26,'jylsh','交易流水号','C','32','1','1','0');
insert into app_tablereg (tablename,fldsn,fldid,fldname,fldtype,fldlen,iskey,isnull,fldshd) values('BATCH_DSDF_DETAIL',27,'ptdm','平台代码','C','32','1','0','0');
insert into app_tablereg (tablename,fldsn,fldid,fldname,fldtype,fldlen,iskey,isnull,fldshd) values('BATCH_DSDF_DETAIL',28,'bfkkbz','部分扣款标志','C','1','1','0','0');
insert into app_tablereg (tablename,fldsn,fldid,fldname,fldtype,fldlen,iskey,isnull,fldshd) values('BATCH_DSDF_DETAIL',29,'bz','币种','C','8','1','0','0');
insert into app_tablereg (tablename,fldsn,fldid,fldname,fldtype,fldlen,iskey,isnull,fldshd) values('BATCH_DSDF_DETAIL',30,'gylsh','柜员流水号','C','32','1','0','0');
insert into app_tablereg (tablename,fldsn,fldid,fldname,fldtype,fldlen,iskey,isnull,fldshd) values('BATCH_DSDF_DETAIL',31,'zwrq','账务日期','C','8','1','0','0');
insert into app_tablereg (tablename,fldsn,fldid,fldname,fldtype,fldlen,iskey,isnull,fldshd) values('BATCH_DSDF_DETAIL',32,'czlsh','冲正流水号','C','32','1','0','0');
insert into app_tablereg (tablename,fldsn,fldid,fldname,fldtype,fldlen,iskey,isnull,fldshd) values('BATCH_DSDF_DETAIL',33,'czrq','冲正日期','C','8','1','0','0');
insert into app_tablereg (tablename,fldsn,fldid,fldname,fldtype,fldlen,iskey,isnull,fldshd) values('BATCH_DSDF_DETAIL',34,'djxtrq','登记系统日期','C','8','1','0','0');
insert into app_tablereg (tablename,fldsn,fldid,fldname,fldtype,fldlen,iskey,isnull,fldshd) values('BATCH_DSDF_DETAIL',35,'djxtsj','登记系统时间','C','6','1','0','0');
insert into app_tablereg (tablename,fldsn,fldid,fldname,fldtype,fldlen,iskey,isnull,fldshd) values('BATCH_DSDF_DETAIL',36,'zhgxrq','最后更新日期','C','8','1','0','0');
insert into app_tablereg (tablename,fldsn,fldid,fldname,fldtype,fldlen,iskey,isnull,fldshd) values('BATCH_DSDF_DETAIL',37,'zhgxsj','最后更新时间','C','6','1','0','0');
insert into app_tablereg (tablename,fldsn,fldid,fldname,fldtype,fldlen,iskey,isnull,fldshd) values('BATCH_DSDF_DETAIL',38,'byzd1','备用字段1','C','40','1','0','0');
insert into app_tablereg (tablename,fldsn,fldid,fldname,fldtype,fldlen,iskey,isnull,fldshd) values('BATCH_DSDF_DETAIL',39,'byzd2','备用字段2','C','40','1','0','0');
insert into app_tablereg (tablename,fldsn,fldid,fldname,fldtype,fldlen,decimaldigits,iskey,isnull,fldshd) values('BATCH_DSDF_DETAIL',40,'byzd3','备用字段3','D','15','2','1','0','0');
insert into app_tablereg (tablename,fldsn,fldid,fldname,fldtype,iskey,isnull,fldshd) values('BATCH_DSDF_DETAIL',41,'byzd4','备用字段4','I','1','0','0');
insert into app_tablereg (tablename,fldsn,fldid,fldname,fldtype,fldlen,iskey,isnull,fldshd) values('BATCH_DSDF_DETAIL',42,'jlzt','记录状态','C','8','1','0','0');
insert into app_tablereg (tablename,fldsn,fldid,fldname,fldtype,fldlen,iskey,isnull,fldshd) values('BATCH_DSDF_DETAIL',43,'zjyxq','证件有效期','C','8','1','0','0');
insert into app_tablereg (tablename,fldsn,fldid,fldname,fldtype,fldlen,iskey,isnull,fldshd) values('BATCH_DSDF_DETAIL',44,'zjlx','证件类型','C','3','1','0','0');
insert into app_tablereg (tablename,fldsn,fldid,fldname,fldtype,fldlen,iskey,isnull,fldshd) values('BATCH_DSDF_DETAIL',45,'xb','性别','C','1','1','0','0');
insert into app_tablereg (tablename,fldsn,fldid,fldname,fldtype,fldlen,iskey,isnull,fldshd) values('BATCH_DSDF_DETAIL',46,'csrq','出生日期','C','8','1','0','0');
insert into app_tablereg (tablename,fldsn,fldid,fldname,fldtype,fldlen,iskey,isnull,fldshd) values('BATCH_DSDF_DETAIL',47,'fzjg','发证机关','C','60','1','0','0');
insert into app_tablereg (tablename,fldsn,fldid,fldname,fldtype,fldlen,iskey,isnull,fldshd) values('BATCH_DSDF_DETAIL',48,'dz','地址','C','120','1','0','0');
insert into app_tablereg (tablename,fldsn,fldid,fldname,fldtype,fldlen,iskey,isnull,fldshd) values('BATCH_DSDF_DETAIL',49,'yzbm','邮政编码','C','7','1','0','0');
insert into app_tablereg (tablename,fldsn,fldid,fldname,fldtype,fldlen,iskey,isnull,fldshd) values('BATCH_DSDF_DETAIL',50,'dhhm','电话号码','C','15','1','0','0');
insert into app_tablereg (tablename,fldsn,fldid,fldname,fldtype,fldlen,iskey,isnull,fldshd) values('BATCH_DSDF_DETAIL',51,'zy','职业','C','40','1','0','0');
insert into app_tablereg (tablename,fldsn,fldid,fldname,fldtype,fldlen,iskey,isnull,fldshd) values('BATCH_DSDF_DETAIL',52,'gzdw','工作单位','C','120','1','0','0');
insert into app_tablereg (tablename,fldsn,fldid,fldname,fldtype,fldlen,iskey,isnull,fldshd) values('BATCH_DSDF_DETAIL',53,'ssjmsf','税收居民身份','C','3','1','0','0');
insert into app_tablereg (tablename,fldsn,fldid,fldname,fldtype,fldlen,iskey,isnull,fldshd) values('BATCH_DSDF_DETAIL',54,'kxrq','款项日期','C','8','1','0','0');
insert into app_tablereg (tablename,fldsn,fldid,fldname,fldtype,fldlen,decimaldigits,iskey,isnull,fldshd) values('BATCH_DSDF_DETAIL',55,'ywje','业务金额','D','15','2','1','0','0');
insert into app_tablereg (tablename,fldsn,fldid,fldname,fldtype,fldlen,decimaldigits,iskey,isnull,fldshd) values('BATCH_DSDF_DETAIL',56,'sjywje','实际业务金额','D','15','2','1','0','0');
insert into app_tablereg (tablename,fldsn,fldid,fldname,fldtype,fldlen,decimaldigits,iskey,isnull,fldshd) values('BATCH_DSDF_DETAIL',57,'fyje1','费用1','D','15','2','1','0','0');
insert into app_tablereg (tablename,fldsn,fldid,fldname,fldtype,fldlen,decimaldigits,iskey,isnull,fldshd) values('BATCH_DSDF_DETAIL',58,'sjfyje1','实际费用1','D','15','2','1','0','0');
insert into app_tablereg (tablename,fldsn,fldid,fldname,fldtype,fldlen,decimaldigits,iskey,isnull,fldshd) values('BATCH_DSDF_DETAIL',59,'fyje2','费用2','D','15','2','1','0','0');
insert into app_tablereg (tablename,fldsn,fldid,fldname,fldtype,fldlen,decimaldigits,iskey,isnull,fldshd) values('BATCH_DSDF_DETAIL',60,'sjfyje2','实际费用2','D','15','2','1','0','0');
insert into app_tablereg (tablename,fldsn,fldid,fldname,fldtype,fldlen,decimaldigits,iskey,isnull,fldshd) values('BATCH_DSDF_DETAIL',61,'fyje3','费用3','D','15','2','1','0','0');
insert into app_tablereg (tablename,fldsn,fldid,fldname,fldtype,fldlen,decimaldigits,iskey,isnull,fldshd) values('BATCH_DSDF_DETAIL',62,'sjfyje3','实际费用3','D','15','2','1','0','0');
insert into app_tablereg (tablename,fldsn,fldid,fldname,fldtype,fldlen,decimaldigits,iskey,isnull,fldshd) values('BATCH_DSDF_DETAIL',63,'fyje4','费用4','D','15','2','1','0','0');
insert into app_tablereg (tablename,fldsn,fldid,fldname,fldtype,fldlen,decimaldigits,iskey,isnull,fldshd) values('BATCH_DSDF_DETAIL',64,'sjfyje4','实际费用4','D','15','2','1','0','0');
insert into app_tablereg (tablename,fldsn,fldid,fldname,fldtype,fldlen,decimaldigits,iskey,isnull,fldshd) values('BATCH_DSDF_DETAIL',65,'fyje5','费用5','D','15','2','1','0','0');
insert into app_tablereg (tablename,fldsn,fldid,fldname,fldtype,fldlen,decimaldigits,iskey,isnull,fldshd) values('BATCH_DSDF_DETAIL',66,'sjfyje5','实际费用5','D','15','2','1','0','0');
insert into app_tablereg (tablename,fldsn,fldid,fldname,fldtype,fldlen,decimaldigits,iskey,isnull,fldshd) values('BATCH_DSDF_DETAIL',67,'sxfje','手续费金额','D','15','2','1','0','0');
insert into app_tablereg (tablename,fldsn,fldid,fldname,fldtype,fldlen,decimaldigits,iskey,isnull,fldshd) values('BATCH_DSDF_DETAIL',68,'sjsxfje','实际手续费金额','D','15','2','1','0','0');
insert into app_tablereg (tablename,fldsn,fldid,fldname,fldtype,fldlen,iskey,isnull,fldshd) values('BATCH_DSDF_DETAIL',69,'shzt','审核状态','C','1','1','0','0');
insert into app_tablereg (tablename,fldsn,fldid,fldname,fldtype,fldlen,iskey,isnull,fldshd) values('BATCH_DSDF_DETAIL',70,'clzt','处理状态','C','1','1','0','0');
insert into app_tablereg (tablename,fldsn,fldid,fldname,fldtype,fldlen,iskey,isnull,fldshd) values('BATCH_DSDF_DETAIL',71,'cgbz','成功标志','C','1','1','0','0');
insert into app_tablereg (tablename,fldsn,fldid,fldname,fldtype,fldlen,iskey,isnull,fldshd) values('BATCH_DSDF_DETAIL',72,'xym','响应码','C','8','1','0','0');
insert into app_tablereg (tablename,fldsn,fldid,fldname,fldtype,fldlen,iskey,isnull,fldshd) values('BATCH_DSDF_DETAIL',73,'xyxx','响应信息','C','60','1','0','0');
insert into app_tablereg (tablename,fldsn,fldid,fldname,fldtype,fldlen,iskey,isnull,fldshd) values('BATCH_DSDF_DETAIL',74,'zjrq','主机日期','C','8','1','0','0');
insert into app_tablereg (tablename,fldsn,fldid,fldname,fldtype,fldlen,iskey,isnull,fldshd) values('BATCH_DSDF_DETAIL',75,'zjsj','主机时间','C','6','1','0','0');
insert into app_tablereg (tablename,fldsn,fldid,fldname,fldtype,fldlen,iskey,isnull,fldshd) values('BATCH_DSDF_DETAIL',76,'zjlsh','主机流水号','C','32','1','0','0');
insert into app_tablereg (tablename,fldsn,fldid,fldname,fldtype,fldlen,iskey,isnull,fldshd) values('BATCH_DSDF_DETAIL',77,'zjxym','主机响应码','C','8','1','0','0');
insert into app_tablereg (tablename,fldsn,fldid,fldname,fldtype,fldlen,iskey,isnull,fldshd) values('BATCH_DSDF_DETAIL',78,'zjxyxx','主机响应信息','C','200','1','0','0');
insert into app_tablereg (tablename,fldsn,fldid,fldname,fldtype,fldlen,iskey,isnull,fldshd) values('BATCH_DSDF_DETAIL',79,'dsfsj','第三方时间','C','6','1','0','0');
insert into app_tablereg (tablename,fldsn,fldid,fldname,fldtype,fldlen,iskey,isnull,fldshd) values('BATCH_DSDF_DETAIL',80,'dsfrq','第三方日期','C','8','1','0','0');
insert into app_tablereg (tablename,fldsn,fldid,fldname,fldtype,fldlen,iskey,isnull,fldshd) values('BATCH_DSDF_DETAIL',81,'dsflsh','第三方流水号','C','32','1','0','0');
insert into app_tablereg (tablename,fldsn,fldid,fldname,fldtype,fldlen,iskey,isnull,fldshd) values('BATCH_DSDF_DETAIL',82,'dsfxym','第三方响应码','C','8','1','0','0');
insert into app_tablereg (tablename,fldsn,fldid,fldname,fldtype,fldlen,iskey,isnull,fldshd) values('BATCH_DSDF_DETAIL',83,'dsfxyxx','第三方响应信息','C','60','1','0','0');
insert into app_tablereg (tablename,fldsn,fldid,fldname,fldtype,fldlen,iskey,isnull,fldshd) values('BATCH_DSDF_DETAIL',84,'wbrq','外部日期','C','8','1','0','0');
insert into app_tablereg (tablename,fldsn,fldid,fldname,fldtype,fldlen,iskey,isnull,fldshd) values('BATCH_DSDF_DETAIL',85,'wbpch','外部批次号','C','32','1','1','0');
insert into app_tablereg (tablename,fldsn,fldid,fldname,fldtype,iskey,isnull,fldshd) values('BATCH_DSDF_DETAIL',86,'wbxh','外部序号','I','1','1','0');
insert into app_tablereg (tablename,fldsn,fldid,fldname,fldtype,fldlen,iskey,isnull,fldshd) values('BATCH_DSDF_DETAIL',87,'zjpch','主机批次号','C','32','1','1','0');
insert into app_tablereg (tablename,fldsn,fldid,fldname,fldtype,fldlen,iskey,isnull,fldshd) values('BATCH_DSDF_DETAIL',88,'kzzd1','扩展字段1','V','10','1','0','0');
insert into app_tablereg (tablename,fldsn,fldid,fldname,fldtype,fldlen,iskey,isnull,fldshd) values('BATCH_DSDF_DETAIL',89,'kzzd2','扩展字段2','V','20','1','0','0');
insert into app_tablereg (tablename,fldsn,fldid,fldname,fldtype,fldlen,iskey,isnull,fldshd) values('BATCH_DSDF_DETAIL',90,'kzzd3','扩展字段3','V','50','1','0','0');
insert into app_tablereg (tablename,fldsn,fldid,fldname,fldtype,fldlen,iskey,isnull,fldshd) values('BATCH_DSDF_DETAIL',91,'kzzd4','扩展字段4','V','100','1','0','0');
insert into app_tablereg (tablename,fldsn,fldid,fldname,fldtype,fldlen,iskey,isnull,fldshd) values('BATCH_DSDF_DETAIL',92,'kzzd5','扩展字段5','V','200','1','0','0');
insert into app_tablereg (tablename,fldsn,fldid,fldname,fldtype,fldlen,iskey,isnull,fldshd) values('BATCH_DSDF_DETAIL',93,'kzzd6','扩展字段6','V','256','1','0','0');
insert into app_tablereg (tablename,fldsn,fldid,fldname,fldtype,fldlen,iskey,isnull,fldshd) values('BATCH_DSDF_DETAIL',94,'kzzd7','扩展字段7','V','512','1','0','0');
insert into app_tablereg (tablename,fldsn,fldid,fldname,fldtype,fldlen,iskey,isnull,fldshd) values('BATCH_DSDF_DETAIL',95,'kzzd8','扩展字段8','V','1024','1','0','0');
insert into app_tablereg (tablename,fldsn,fldid,fldname,fldtype,iskey,isnull,fldshd) values('BATCH_DSDF_DETAIL',96,'kzzd9','扩展字段9','I','1','0','0');
insert into app_tablereg (tablename,fldsn,fldid,fldname,fldtype,fldlen,decimaldigits,iskey,isnull,fldshd) values('BATCH_DSDF_DETAIL',97,'kzzd10','扩展字段10','D','20','2','1','0','0');
insert into app_tableinfo (tablecode,tablename,tabletype,table_mb,whjg,whgy,whsj) values('BATCH_DSDF_DETAIL','批量代收代付明细表','1','BATCH_DSDF_TEMPLATE','00000','czh','20171009164442');
insert into batch_mapinfo (mapid,maptype,mapidnote,ywbm,lpwjbs,hpwjbs,jlsxz,zhbz,whjg,whgy,whsj) values('MAP_PLDF_OUT','0','批量代付外部映射','BATCH_DSDF_DETAIL','FILE_PLDF_REQ','FILE_PLDF_RESP',0,'1','00000','czh','20171101164301');
insert into batch_filemap (mapid,flxh,columnsn,columnid,lylx,lywz,zjszwz,zjjgwz,hpwjwz) values('MAP_PLDF_OUT',0,1,'pkrq','2','/batch/pkrq',0,0,0);
insert into batch_filemap (mapid,flxh,columnsn,columnid,lylx,lywz,zjszwz,zjjgwz,hpwjwz) values('MAP_PLDF_OUT',0,2,'ptpch','2','/batch/ptpch',0,0,0);
insert into batch_filemap (mapid,flxh,columnsn,columnid,lylx,zjszwz,zjjgwz,hpwjwz) values('MAP_PLDF_OUT',0,3,'lsxh','4',0,0,0);
insert into batch_filemap (mapid,flxh,columnsn,columnid,lylx,zjszwz,zjjgwz,hpwjwz) values('MAP_PLDF_OUT',0,4,'wjxh','3',0,0,0);
insert into batch_filemap (mapid,flxh,columnsn,columnid,lylx,lywz,zjszwz,zjjgwz,hpwjwz) values('MAP_PLDF_OUT',0,5,'jdbz','5','1',0,0,0);
insert into batch_filemap (mapid,flxh,columnsn,columnid,lylx,lywz,zjszwz,zjjgwz,hpwjwz) values('MAP_PLDF_OUT',0,6,'zydm','2','/batch/req/zydm',0,0,0);
insert into batch_filemap (mapid,flxh,columnsn,columnid,lylx,lywz,zjszwz,zjjgwz,hpwjwz) values('MAP_PLDF_OUT',0,7,'ywbh','2','/batch/req/ywbh',0,0,0);
insert into batch_filemap (mapid,flxh,columnsn,columnid,lylx,lywz,zjszwz,zjjgwz,hpwjwz) values('MAP_PLDF_OUT',0,8,'dwbh','2','/app/dwcpxy/dwbh',0,0,0);
insert into batch_filemap (mapid,flxh,columnsn,columnid,zjszwz,zjjgwz,hpwjwz) values('MAP_PLDF_OUT',0,9,'jlbs',0,0,0);
insert into batch_filemap (mapid,flxh,columnsn,columnid,zjszwz,zjjgwz,hpwjwz) values('MAP_PLDF_OUT',0,10,'yhh1',0,0,0);
insert into batch_filemap (mapid,flxh,columnsn,columnid,zjszwz,zjjgwz,hpwjwz) values('MAP_PLDF_OUT',0,11,'yhxm',0,0,0);
insert into batch_filemap (mapid,flxh,columnsn,columnid,zjszwz,zjjgwz,hpwjwz) values('MAP_PLDF_OUT',0,13,'yhzh',0,0,0);
insert into batch_filemap (mapid,flxh,columnsn,columnid,lylx,lywz,zjszwz,zjjgwz,hpwjwz) values('MAP_PLDF_OUT',0,14,'fkrzh','2','/app/dwcpxy/nbhzh',0,0,0);
insert into batch_filemap (mapid,flxh,columnsn,columnid,lylx,lywz,zjszwz,zjjgwz,hpwjwz) values('MAP_PLDF_OUT',0,15,'fkrxm','2','/app/dwcpxy/nbhzhmc',0,0,0);
insert into batch_filemap (mapid,flxh,columnsn,columnid,zjszwz,zjjgwz,hpwjwz) values('MAP_PLDF_OUT',0,16,'fkhhh',0,0,0);
insert into batch_filemap (mapid,flxh,columnsn,columnid,zjszwz,zjjgwz,hpwjwz) values('MAP_PLDF_OUT',0,17,'fkhhm',0,0,0);
insert into batch_filemap (mapid,flxh,columnsn,columnid,zjszwz,zjjgwz,hpwjwz) values('MAP_PLDF_OUT',0,19,'skrxm',0,0,0);
insert into batch_filemap (mapid,flxh,columnsn,columnid,zjszwz,zjjgwz,hpwjwz) values('MAP_PLDF_OUT',0,20,'skhhh',0,0,0);
insert into batch_filemap (mapid,flxh,columnsn,columnid,zjszwz,zjjgwz,hpwjwz) values('MAP_PLDF_OUT',0,21,'skhhm',0,0,0);
insert into batch_filemap (mapid,flxh,columnsn,columnid,lylx,lywz,zjszwz,zjjgwz,hpwjwz) values('MAP_PLDF_OUT',0,24,'ptlsh','7','batch_getPlatSeq(wbrq,to_char(SEQ_SERIAL.nextval))',0,0,0);
insert into batch_filemap (mapid,flxh,columnsn,columnid,lylx,lywz,zjszwz,zjjgwz,hpwjwz) values('MAP_PLDF_OUT',0,25,'ywlsh','7','batch_getBusiSeq(wbrq,to_char(SEQ_SERIAL.nextval))',0,0,0);
insert into batch_filemap (mapid,flxh,columnsn,columnid,lylx,lywz,zjszwz,zjjgwz,hpwjwz) values('MAP_PLDF_OUT',0,26,'jylsh','7','batch_getTranSeq(wbrq,to_char(SEQ_SERIAL.nextval))',0,0,0);
insert into batch_filemap (mapid,flxh,columnsn,columnid,lylx,lywz,zjszwz,zjjgwz,hpwjwz) values('MAP_PLDF_OUT',0,27,'ptdm','5','100021',0,0,0);
insert into batch_filemap (mapid,flxh,columnsn,columnid,lylx,lywz,zjszwz,zjjgwz,hpwjwz) values('MAP_PLDF_OUT',0,28,'bfkkbz','2','/batch/req/kkbz',0,0,0);
insert into batch_filemap (mapid,flxh,columnsn,columnid,lylx,lywz,zjszwz,zjjgwz,hpwjwz) values('MAP_PLDF_OUT',0,29,'bz','2','/batch/req/jybz',0,0,0);
insert into batch_filemap (mapid,flxh,columnsn,columnid,zjszwz,zjjgwz,hpwjwz) values('MAP_PLDF_OUT',0,30,'gylsh',0,0,0);
insert into batch_filemap (mapid,flxh,columnsn,columnid,zjszwz,zjjgwz,hpwjwz) values('MAP_PLDF_OUT',0,32,'czlsh',0,0,0);
insert into batch_filemap (mapid,flxh,columnsn,columnid,zjszwz,zjjgwz,hpwjwz) values('MAP_PLDF_OUT',0,33,'czrq',0,0,0);
insert into batch_filemap (mapid,flxh,columnsn,columnid,zjszwz,zjjgwz,hpwjwz) values('MAP_PLDF_OUT',0,34,'djxtrq',0,0,0);
insert into batch_filemap (mapid,flxh,columnsn,columnid,zjszwz,zjjgwz,hpwjwz) values('MAP_PLDF_OUT',0,35,'djxtsj',0,0,0);
insert into batch_filemap (mapid,flxh,columnsn,columnid,zjszwz,zjjgwz,hpwjwz) values('MAP_PLDF_OUT',0,36,'zhgxrq',0,0,0);
insert into batch_filemap (mapid,flxh,columnsn,columnid,zjszwz,zjjgwz,hpwjwz) values('MAP_PLDF_OUT',0,37,'zhgxsj',0,0,0);
insert into batch_filemap (mapid,flxh,columnsn,columnid,lylx,lywz,zjszwz,zjjgwz,hpwjwz) values('MAP_PLDF_OUT',0,38,'byzd1','7','batch_getHostCode(fkrzh)',0,0,0);
insert into batch_filemap (mapid,flxh,columnsn,columnid,zjszwz,zjjgwz,hpwjwz) values('MAP_PLDF_OUT',0,39,'byzd2',0,0,0);
insert into batch_filemap (mapid,flxh,columnsn,columnid,zjszwz,zjjgwz,hpwjwz) values('MAP_PLDF_OUT',0,40,'byzd3',0,0,0);
insert into batch_filemap (mapid,flxh,columnsn,columnid,zjszwz,zjjgwz,hpwjwz) values('MAP_PLDF_OUT',0,41,'byzd4',0,0,0);
insert into batch_filemap (mapid,flxh,columnsn,columnid,zjszwz,zjjgwz,hpwjwz) values('MAP_PLDF_OUT',0,42,'jlzt',0,0,0);
insert into batch_filemap (mapid,flxh,columnsn,columnid,lylx,lywz,zjszwz,zjjgwz,hpwjwz) values('MAP_PLDF_OUT',0,43,'zjyxq','1','11',0,0,0);
insert into batch_filemap (mapid,flxh,columnsn,columnid,lylx,lywz,zjszwz,zjjgwz,hpwjwz) values('MAP_PLDF_OUT',0,44,'zjlx','1','9',0,0,0);
insert into batch_filemap (mapid,flxh,columnsn,columnid,lylx,lywz,zjszwz,zjjgwz,hpwjwz) values('MAP_PLDF_OUT',0,45,'xb','1','12',0,0,0);
insert into batch_filemap (mapid,flxh,columnsn,columnid,lylx,lywz,zjszwz,zjjgwz,hpwjwz) values('MAP_PLDF_OUT',0,46,'csrq','1','13',0,0,0);
insert into batch_filemap (mapid,flxh,columnsn,columnid,lylx,lywz,zjszwz,zjjgwz,hpwjwz) values('MAP_PLDF_OUT',0,47,'fzjg','1','15',0,0,0);
insert into batch_filemap (mapid,flxh,columnsn,columnid,lylx,lywz,zjszwz,zjjgwz,hpwjwz) values('MAP_PLDF_OUT',0,48,'dz','1','14',0,0,0);
insert into batch_filemap (mapid,flxh,columnsn,columnid,lylx,lywz,zjszwz,zjjgwz,hpwjwz) values('MAP_PLDF_OUT',0,49,'yzbm','1','16',0,0,0);
insert into batch_filemap (mapid,flxh,columnsn,columnid,lylx,lywz,zjszwz,zjjgwz,hpwjwz) values('MAP_PLDF_OUT',0,50,'dhhm','1','17',0,0,0);
insert into batch_filemap (mapid,flxh,columnsn,columnid,lylx,lywz,zjszwz,zjjgwz,hpwjwz) values('MAP_PLDF_OUT',0,51,'zy','1','23',0,0,0);
insert into batch_filemap (mapid,flxh,columnsn,columnid,lylx,lywz,zjszwz,zjjgwz,hpwjwz) values('MAP_PLDF_OUT',0,52,'gzdw','1','24',0,0,0);
insert into batch_filemap (mapid,flxh,columnsn,columnid,lylx,lywz,zjszwz,zjjgwz,hpwjwz) values('MAP_PLDF_OUT',0,53,'ssjmsf','1','25',0,0,0);
insert into batch_filemap (mapid,flxh,columnsn,columnid,zjszwz,zjjgwz,hpwjwz) values('MAP_PLDF_OUT',0,54,'kxrq',0,0,0);
insert into batch_filemap (mapid,flxh,columnsn,columnid,zjszwz,zjjgwz,hpwjwz) values('MAP_PLDF_OUT',0,55,'ywje',0,0,0);
insert into batch_filemap (mapid,flxh,columnsn,columnid,zjszwz,zjjgwz,hpwjwz) values('MAP_PLDF_OUT',0,56,'sjywje',0,0,0);
insert into batch_filemap (mapid,flxh,columnsn,columnid,zjszwz,zjjgwz,hpwjwz) values('MAP_PLDF_OUT',0,57,'fyje1',0,0,0);
insert into batch_filemap (mapid,flxh,columnsn,columnid,zjszwz,zjjgwz,hpwjwz) values('MAP_PLDF_OUT',0,58,'sjfyje1',0,0,0);
insert into batch_filemap (mapid,flxh,columnsn,columnid,zjszwz,zjjgwz,hpwjwz) values('MAP_PLDF_OUT',0,59,'fyje2',0,0,0);
insert into batch_filemap (mapid,flxh,columnsn,columnid,zjszwz,zjjgwz,hpwjwz) values('MAP_PLDF_OUT',0,60,'sjfyje2',0,0,0);
insert into batch_filemap (mapid,flxh,columnsn,columnid,zjszwz,zjjgwz,hpwjwz) values('MAP_PLDF_OUT',0,61,'fyje3',0,0,0);
insert into batch_filemap (mapid,flxh,columnsn,columnid,zjszwz,zjjgwz,hpwjwz) values('MAP_PLDF_OUT',0,62,'sjfyje3',0,0,0);
insert into batch_filemap (mapid,flxh,columnsn,columnid,zjszwz,zjjgwz,hpwjwz) values('MAP_PLDF_OUT',0,63,'fyje4',0,0,0);
insert into batch_filemap (mapid,flxh,columnsn,columnid,zjszwz,zjjgwz,hpwjwz) values('MAP_PLDF_OUT',0,64,'sjfyje4',0,0,0);
insert into batch_filemap (mapid,flxh,columnsn,columnid,zjszwz,zjjgwz,hpwjwz) values('MAP_PLDF_OUT',0,65,'fyje5',0,0,0);
insert into batch_filemap (mapid,flxh,columnsn,columnid,zjszwz,zjjgwz,hpwjwz) values('MAP_PLDF_OUT',0,66,'sjfyje5',0,0,0);
insert into batch_filemap (mapid,flxh,columnsn,columnid,zjszwz,zjjgwz,hpwjwz) values('MAP_PLDF_OUT',0,67,'sxfje',0,0,0);
insert into batch_filemap (mapid,flxh,columnsn,columnid,zjszwz,zjjgwz,hpwjwz) values('MAP_PLDF_OUT',0,68,'sjsxfje',0,0,0);
insert into batch_filemap (mapid,flxh,columnsn,columnid,lylx,lywz,zjszwz,zjjgwz,hpwjwz) values('MAP_PLDF_OUT',0,69,'shzt','5','9',0,0,0);
insert into batch_filemap (mapid,flxh,columnsn,columnid,lylx,lywz,zjszwz,zjjgwz,hpwjwz) values('MAP_PLDF_OUT',0,70,'clzt','5','9',0,0,0);
insert into batch_filemap (mapid,flxh,columnsn,columnid,zjszwz,zjjgwz,hpwjwz) values('MAP_PLDF_OUT',0,74,'zjrq',0,0,0);
insert into batch_filemap (mapid,flxh,columnsn,columnid,zjszwz,zjjgwz,hpwjwz) values('MAP_PLDF_OUT',0,75,'zjsj',0,0,0);
insert into batch_filemap (mapid,flxh,columnsn,columnid,zjszwz,zjjgwz,hpwjwz) values('MAP_PLDF_OUT',0,76,'zjlsh',0,0,0);
insert into batch_filemap (mapid,flxh,columnsn,columnid,zjszwz,zjjgwz,hpwjwz) values('MAP_PLDF_OUT',0,77,'zjxym',0,0,0);
insert into batch_filemap (mapid,flxh,columnsn,columnid,zjszwz,zjjgwz,hpwjwz) values('MAP_PLDF_OUT',0,78,'zjxyxx',0,0,0);
insert into batch_filemap (mapid,flxh,columnsn,columnid,zjszwz,zjjgwz,hpwjwz) values('MAP_PLDF_OUT',0,79,'dsfsj',0,0,0);
insert into batch_filemap (mapid,flxh,columnsn,columnid,zjszwz,zjjgwz,hpwjwz) values('MAP_PLDF_OUT',0,80,'dsfrq',0,0,0);
insert into batch_filemap (mapid,flxh,columnsn,columnid,zjszwz,zjjgwz,hpwjwz) values('MAP_PLDF_OUT',0,81,'dsflsh',0,0,0);
insert into batch_filemap (mapid,flxh,columnsn,columnid,zjszwz,zjjgwz,hpwjwz) values('MAP_PLDF_OUT',0,82,'dsfxym',0,0,0);
insert into batch_filemap (mapid,flxh,columnsn,columnid,zjszwz,zjjgwz,hpwjwz) values('MAP_PLDF_OUT',0,83,'dsfxyxx',0,0,0);
insert into batch_filemap (mapid,flxh,columnsn,columnid,lylx,lywz,zjszwz,zjjgwz,hpwjwz) values('MAP_PLDF_OUT',0,84,'wbrq','2','/batch/req/jyrq',0,0,0);
insert into batch_filemap (mapid,flxh,columnsn,columnid,lylx,lywz,zjszwz,zjjgwz,hpwjwz) values('MAP_PLDF_OUT',0,87,'zjpch','7','batch_getHostBatchNo(pkrq,ptpch,to_char(wjxh))',0,0,0);
insert into batch_filemap (mapid,flxh,columnsn,columnid,zjszwz,zjjgwz,hpwjwz) values('MAP_PLDF_OUT',0,88,'kzzd1',0,0,0);
insert into batch_filemap (mapid,flxh,columnsn,columnid,zjszwz,zjjgwz,hpwjwz) values('MAP_PLDF_OUT',0,89,'kzzd2',0,0,0);
insert into batch_filemap (mapid,flxh,columnsn,columnid,zjszwz,zjjgwz,hpwjwz) values('MAP_PLDF_OUT',0,90,'kzzd3',0,0,0);
insert into batch_filemap (mapid,flxh,columnsn,columnid,lylx,lywz,zjszwz,zjjgwz,hpwjwz) values('MAP_PLDF_OUT',0,91,'kzzd4','1','21',0,0,0);
insert into batch_filemap (mapid,flxh,columnsn,columnid,lylx,lywz,zjszwz,zjjgwz,hpwjwz) values('MAP_PLDF_OUT',0,92,'kzzd5','1','22',0,0,0);
insert into batch_filemap (mapid,flxh,columnsn,columnid,zjszwz,zjjgwz,hpwjwz) values('MAP_PLDF_OUT',0,94,'kzzd7',0,0,0);
insert into batch_filemap (mapid,flxh,columnsn,columnid,zjszwz,zjjgwz,hpwjwz) values('MAP_PLDF_OUT',0,95,'kzzd8',0,0,0);
insert into batch_filemap (mapid,flxh,columnsn,columnid,zjszwz,zjjgwz,hpwjwz) values('MAP_PLDF_OUT',0,96,'kzzd9',0,0,0);
insert into batch_filemap (mapid,flxh,columnsn,columnid,zjszwz,zjjgwz,hpwjwz) values('MAP_PLDF_OUT',0,97,'kzzd10',0,0,0);
insert into batch_filemap (mapid,flxh,columnsn,columnid,lylx,lywz,zjszwz,zjjgwz,hpwjwz) values('MAP_PLDF_OUT',0,85,'wbpch','2','/batch/req/shpch',0,0,1);
insert into batch_filemap (mapid,flxh,columnsn,columnid,lylx,lywz,zjszwz,zjjgwz,hpwjwz) values('MAP_PLDF_OUT',0,86,'wbxh','1','2',0,0,2);
insert into batch_filemap (mapid,flxh,columnsn,columnid,lylx,lywz,zjszwz,zjjgwz,hpwjwz) values('MAP_PLDF_OUT',0,18,'skrzh','1','6',0,0,3);
insert into batch_filemap (mapid,flxh,columnsn,columnid,lylx,lywz,zjszwz,zjjgwz,hpwjwz) values('MAP_PLDF_OUT',0,12,'zjhm','1','10',0,0,4);
insert into batch_filemap (mapid,flxh,columnsn,columnid,lylx,lywz,zjszwz,zjjgwz,hpwjwz) values('MAP_PLDF_OUT',0,93,'kzzd6','1','8',0,0,5);
insert into batch_filemap (mapid,flxh,columnsn,columnid,lylx,lywz,zjszwz,zjjgwz,hpwjwz) values('MAP_PLDF_OUT',0,22,'jyje','1','7',0,0,6);
insert into batch_filemap (mapid,flxh,columnsn,columnid,zjszwz,zjjgwz,hpwjwz) values('MAP_PLDF_OUT',0,23,'sjje',0,0,7);
insert into batch_filemap (mapid,flxh,columnsn,columnid,zjszwz,zjjgwz,hpwjwz) values('MAP_PLDF_OUT',0,31,'zwrq',0,0,8);
insert into batch_filemap (mapid,flxh,columnsn,columnid,zjszwz,zjjgwz,hpwjwz) values('MAP_PLDF_OUT',0,72,'xym',0,0,9);
insert into batch_filemap (mapid,flxh,columnsn,columnid,zjszwz,zjjgwz,hpwjwz) values('MAP_PLDF_OUT',0,73,'xyxx',0,0,10);
insert into batch_filemap (mapid,flxh,columnsn,columnid,lylx,lywz,zjszwz,zjjgwz,hpwjwz) values('MAP_PLDF_OUT',0,71,'cgbz','5','9',0,0,11);
