delete from T_TRAN where version='V2.1.dsf';

delete from T_SUB_TRAN where version='V2.1.dsf';

delete from T_SEND_RETURN where version='V2.1.dsf';

delete from T_SEND_COND where version='V2.1.dsf';

delete from T_SENDINFO where version='V2.1.dsf';

delete from T_MENU where version='V2.1.dsf';

delete from T_DICT where version='V2.1.dsf';

delete from T_SEND_SERVER where id like 'agent%';


INSERT INTO T_TRAN(TRAN_CODE, TRAN_NAME, TRAN_TYPE, TRAN_CLASS, VERSION, BAK1, BAK2, BAK3)
  VALUES('agentLs             ', '代收付流水查询                ', '1', 'com.hundsun.agent.web.dsf.ctl.AgentLsCtl                                                            ', 'V2.1.dsf  ', NULL, NULL, NULL);
INSERT INTO T_TRAN(TRAN_CODE, TRAN_NAME, TRAN_TYPE, TRAN_CLASS, VERSION, BAK1, BAK2, BAK3)
  VALUES('agentYwlx           ', '联机业务[业务类型]            ', '1', 'com.hundsun.agent.web.dsf.ctl.AgentYwlxCtl                                                          ', 'V2.1.dsf  ', NULL, NULL, NULL);
INSERT INTO T_TRAN(TRAN_CODE, TRAN_NAME, TRAN_TYPE, TRAN_CLASS, VERSION, BAK1, BAK2, BAK3)
  VALUES('agentDzbp           ', '对帐不平查询                  ', '1', 'com.hundsun.agent.web.dsf.ctl.AgentDzbpCtl                                                          ', 'V2.1.dsf  ', NULL, NULL, NULL);
INSERT INTO T_TRAN(TRAN_CODE, TRAN_NAME, TRAN_TYPE, TRAN_CLASS, VERSION, BAK1, BAK2, BAK3)
  VALUES('agentDlyw           ', '联机业务[业务编号]            ', '1', 'com.hundsun.agent.web.dsf.ctl.AgentDlywCtl                                                          ', 'V2.1.dsf  ', NULL, NULL, NULL);
INSERT INTO T_TRAN(TRAN_CODE, TRAN_NAME, TRAN_TYPE, TRAN_CLASS, VERSION, BAK1, BAK2, BAK3)
  VALUES('agentRzzt           ', '业务日终状态查询              ', '0', 'com.hundsun.agent.web.dsf.ctl.AgentRzztCtl                                                          ', 'V2.1.dsf  ', NULL, NULL, NULL);


INSERT INTO T_SUB_TRAN(TRAN_CODE, SUB_TRAN_CODE, SUB_TRAN_NAME, REPAGE, SUB_TRAN_DESC, VERSION, BAK1, BAK2, BAK3)
  VALUES('agentDlyw           ', 'list                ', '获得数据                      ', 'about:blank                                                                                         ', '获得数据                                          ', 'V2.1.dsf  ', '02                            ', NULL, NULL);
INSERT INTO T_SUB_TRAN(TRAN_CODE, SUB_TRAN_CODE, SUB_TRAN_NAME, REPAGE, SUB_TRAN_DESC, VERSION, BAK1, BAK2, BAK3)
  VALUES('agentDlyw           ', 'send                ', '主机同步                      ', 'about:blank                                                                                         ', '主机同步                                          ', 'V2.1.dsf  ', '01                            ', NULL, NULL);
INSERT INTO T_SUB_TRAN(TRAN_CODE, SUB_TRAN_CODE, SUB_TRAN_NAME, REPAGE, SUB_TRAN_DESC, VERSION, BAK1, BAK2, BAK3)
  VALUES('agentDlyw           ', 'add                 ', '添加更新                      ', 'about:blank                                                                                         ', '添加更新                                          ', 'V2.1.dsf  ', '01                            ', NULL, NULL);
INSERT INTO T_SUB_TRAN(TRAN_CODE, SUB_TRAN_CODE, SUB_TRAN_NAME, REPAGE, SUB_TRAN_DESC, VERSION, BAK1, BAK2, BAK3)
  VALUES('agentDlyw           ', 'del                 ', '删除                          ', 'about:blank                                                                                         ', '删除                                              ', 'V2.1.dsf  ', '01                            ', NULL, NULL);
INSERT INTO T_SUB_TRAN(TRAN_CODE, SUB_TRAN_CODE, SUB_TRAN_NAME, REPAGE, SUB_TRAN_DESC, VERSION, BAK1, BAK2, BAK3)
  VALUES('agentDzbp           ', 'list                ', '获得数据                      ', 'about:blank                                                                                         ', '获得数据                                          ', 'V2.1.dsf  ', '02                            ', NULL, NULL);
INSERT INTO T_SUB_TRAN(TRAN_CODE, SUB_TRAN_CODE, SUB_TRAN_NAME, REPAGE, SUB_TRAN_DESC, VERSION, BAK1, BAK2, BAK3)
  VALUES('agentDzbp           ', 'send                ', '交易                          ', 'about:blank                                                                                         ', '交易                                              ', 'V2.1.dsf  ', '01                            ', NULL, NULL);
INSERT INTO T_SUB_TRAN(TRAN_CODE, SUB_TRAN_CODE, SUB_TRAN_NAME, REPAGE, SUB_TRAN_DESC, VERSION, BAK1, BAK2, BAK3)
  VALUES('agentDzbp           ', 'def                 ', '查询                          ', 'app/agent/dsf/agentdzbp.jsp                                                                         ', '查询                                              ', 'V2.1.dsf  ', '01                            ', NULL, NULL);
INSERT INTO T_SUB_TRAN(TRAN_CODE, SUB_TRAN_CODE, SUB_TRAN_NAME, REPAGE, SUB_TRAN_DESC, VERSION, BAK1, BAK2, BAK3)
  VALUES('agentYwlx           ', 'def                 ', '查询                          ', 'app/agent/dsf/agentywlx.jsp                                                                         ', '默认                                              ', 'V2.1.dsf  ', '01                            ', NULL, NULL);
INSERT INTO T_SUB_TRAN(TRAN_CODE, SUB_TRAN_CODE, SUB_TRAN_NAME, REPAGE, SUB_TRAN_DESC, VERSION, BAK1, BAK2, BAK3)
  VALUES('agentDlyw           ', 'def                 ', '查询                          ', 'app/agent/dsf/agentdlyw.jsp                                                                         ', '默认                                              ', 'V2.1.dsf  ', '01                            ', NULL, NULL);
INSERT INTO T_SUB_TRAN(TRAN_CODE, SUB_TRAN_CODE, SUB_TRAN_NAME, REPAGE, SUB_TRAN_DESC, VERSION, BAK1, BAK2, BAK3)
  VALUES('agentYwlx           ', 'list                ', '获得数据                      ', 'about:blank                                                                                         ', '获得数据                                          ', 'V2.1.dsf  ', '02                            ', NULL, NULL);
INSERT INTO T_SUB_TRAN(TRAN_CODE, SUB_TRAN_CODE, SUB_TRAN_NAME, REPAGE, SUB_TRAN_DESC, VERSION, BAK1, BAK2, BAK3)
  VALUES('agentYwlx           ', 'add                 ', '添加更新                      ', 'about:blank                                                                                         ', '添加更新                                          ', 'V2.1.dsf  ', '01                            ', NULL, NULL);
INSERT INTO T_SUB_TRAN(TRAN_CODE, SUB_TRAN_CODE, SUB_TRAN_NAME, REPAGE, SUB_TRAN_DESC, VERSION, BAK1, BAK2, BAK3)
  VALUES('agentYwlx           ', 'del                 ', '删除                          ', 'about:blank                                                                                         ', '删除                                              ', 'V2.1.dsf  ', '01                            ', NULL, NULL);
INSERT INTO T_SUB_TRAN(TRAN_CODE, SUB_TRAN_CODE, SUB_TRAN_NAME, REPAGE, SUB_TRAN_DESC, VERSION, BAK1, BAK2, BAK3)
  VALUES('agentLs             ', 'def                 ', '查询                          ', 'app/agent/dsf/agentls.jsp                                                                           ', '默认                                              ', 'V2.1.dsf  ', '01                            ', NULL, NULL);
INSERT INTO T_SUB_TRAN(TRAN_CODE, SUB_TRAN_CODE, SUB_TRAN_NAME, REPAGE, SUB_TRAN_DESC, VERSION, BAK1, BAK2, BAK3)
  VALUES('agentLs             ', 'list                ', '获得数据                      ', 'about:blank                                                                                         ', '获得数据                                          ', 'V2.1.dsf  ', '02                            ', NULL, NULL);
INSERT INTO T_SUB_TRAN(TRAN_CODE, SUB_TRAN_CODE, SUB_TRAN_NAME, REPAGE, SUB_TRAN_DESC, VERSION, BAK1, BAK2, BAK3)
  VALUES('agentLs             ', 'send                ', '执行交易                      ', 'about:blank                                                                                         ', '执行交易                                          ', 'V2.1.dsf  ', '01                            ', NULL, NULL);
INSERT INTO T_SUB_TRAN(TRAN_CODE, SUB_TRAN_CODE, SUB_TRAN_NAME, REPAGE, SUB_TRAN_DESC, VERSION, BAK1, BAK2, BAK3)
  VALUES('agentRzzt           ', 'def                 ', '默认                          ', 'app/agent/dsf/agentRzzt.jsp                                                                         ', '默认                                              ', 'V2.1.dsf  ', '01                            ', NULL, NULL);
INSERT INTO T_SUB_TRAN(TRAN_CODE, SUB_TRAN_CODE, SUB_TRAN_NAME, REPAGE, SUB_TRAN_DESC, VERSION, BAK1, BAK2, BAK3)
  VALUES('agentRzzt           ', 'list                ', '查询                          ', 'list                                                                                                ', '查询                                              ', 'V2.1.dsf  ', '01                            ', NULL, NULL);
INSERT INTO T_SUB_TRAN(TRAN_CODE, SUB_TRAN_CODE, SUB_TRAN_NAME, REPAGE, SUB_TRAN_DESC, VERSION, BAK1, BAK2, BAK3)
  VALUES('agentDzbp           ', 'getCbbz             ', '获取冲补标志                  ', 'about:blank                                                                                         ', '获取冲补标志                                      ', 'V2.1.dsf  ', NULL, NULL, NULL);


INSERT INTO T_SEND_RETURN(ID, RETURN_ID, RETURN_NAME, ORDER_ID, VALUE_TYPE, FILE_EXT, SUPER_PATH, RET_TYPE, DICT, VERSION, NOTE, BAK1, BAK2, BAK3, BAK4, BAK5, BAK6)
  VALUES(202, 'zwrq                ', '平台帐务日期                  ', '2 ', '0', NULL, '/pub/               ', '1', NULL, 'V2.1.dsf  ', NULL, '0                             ', NULL, NULL, NULL, NULL, NULL);
INSERT INTO T_SEND_RETURN(ID, RETURN_ID, RETURN_NAME, ORDER_ID, VALUE_TYPE, FILE_EXT, SUPER_PATH, RET_TYPE, DICT, VERSION, NOTE, BAK1, BAK2, BAK3, BAK4, BAK5, BAK6)
  VALUES(205, 'zwrq                ', '平台帐务日期                  ', '2 ', '0', NULL, '/pub/               ', '0', NULL, 'V2.1.dsf  ', NULL, '0                             ', NULL, NULL, NULL, NULL, NULL);
INSERT INTO T_SEND_RETURN(ID, RETURN_ID, RETURN_NAME, ORDER_ID, VALUE_TYPE, FILE_EXT, SUPER_PATH, RET_TYPE, DICT, VERSION, NOTE, BAK1, BAK2, BAK3, BAK4, BAK5, BAK6)
  VALUES(205, 'zhqzlsh             ', '平台流水号                    ', '1 ', '0', NULL, '/pub/               ', '0', NULL, 'V2.1.dsf  ', NULL, '0                             ', NULL, NULL, NULL, NULL, NULL);
INSERT INTO T_SEND_RETURN(ID, RETURN_ID, RETURN_NAME, ORDER_ID, VALUE_TYPE, FILE_EXT, SUPER_PATH, RET_TYPE, DICT, VERSION, NOTE, BAK1, BAK2, BAK3, BAK4, BAK5, BAK6)
  VALUES(205, 'zwrq                ', '平台帐务日期                  ', '2 ', '0', NULL, '/pub/               ', '1', NULL, 'V2.1.dsf  ', NULL, '0                             ', NULL, NULL, NULL, NULL, NULL);
INSERT INTO T_SEND_RETURN(ID, RETURN_ID, RETURN_NAME, ORDER_ID, VALUE_TYPE, FILE_EXT, SUPER_PATH, RET_TYPE, DICT, VERSION, NOTE, BAK1, BAK2, BAK3, BAK4, BAK5, BAK6)
  VALUES(203, 'zhqzlsh             ', '平台流水号                    ', '1 ', '0', NULL, '/pub/               ', '1', NULL, 'V2.1.dsf  ', NULL, '0                             ', NULL, NULL, NULL, NULL, NULL);
INSERT INTO T_SEND_RETURN(ID, RETURN_ID, RETURN_NAME, ORDER_ID, VALUE_TYPE, FILE_EXT, SUPER_PATH, RET_TYPE, DICT, VERSION, NOTE, BAK1, BAK2, BAK3, BAK4, BAK5, BAK6)
  VALUES(203, 'zwrq                ', '平台帐务日期                  ', '2 ', '0', NULL, '/pub/               ', '0', NULL, 'V2.1.dsf  ', NULL, '0                             ', NULL, NULL, NULL, NULL, NULL);
INSERT INTO T_SEND_RETURN(ID, RETURN_ID, RETURN_NAME, ORDER_ID, VALUE_TYPE, FILE_EXT, SUPER_PATH, RET_TYPE, DICT, VERSION, NOTE, BAK1, BAK2, BAK3, BAK4, BAK5, BAK6)
  VALUES(203, 'zhqzlsh             ', '平台流水号                    ', '1 ', '0', NULL, '/pub/               ', '0', NULL, 'V2.1.dsf  ', NULL, '0                             ', NULL, NULL, NULL, NULL, NULL);
INSERT INTO T_SEND_RETURN(ID, RETURN_ID, RETURN_NAME, ORDER_ID, VALUE_TYPE, FILE_EXT, SUPER_PATH, RET_TYPE, DICT, VERSION, NOTE, BAK1, BAK2, BAK3, BAK4, BAK5, BAK6)
  VALUES(203, 'zwrq                ', '平台帐务日期                  ', '2 ', '0', NULL, '/pub/               ', '1', NULL, 'V2.1.dsf  ', NULL, '0                             ', NULL, NULL, NULL, NULL, NULL);
INSERT INTO T_SEND_RETURN(ID, RETURN_ID, RETURN_NAME, ORDER_ID, VALUE_TYPE, FILE_EXT, SUPER_PATH, RET_TYPE, DICT, VERSION, NOTE, BAK1, BAK2, BAK3, BAK4, BAK5, BAK6)
  VALUES(205, 'zhqzlsh             ', '平台流水号                    ', '1 ', '0', NULL, '/pub/               ', '1', NULL, 'V2.1.dsf  ', NULL, '0                             ', NULL, NULL, NULL, NULL, NULL);
INSERT INTO T_SEND_RETURN(ID, RETURN_ID, RETURN_NAME, ORDER_ID, VALUE_TYPE, FILE_EXT, SUPER_PATH, RET_TYPE, DICT, VERSION, NOTE, BAK1, BAK2, BAK3, BAK4, BAK5, BAK6)
  VALUES(212, 'zhqzlsh             ', '平台流水号                    ', '1 ', '0', NULL, '/pub/               ', '1', NULL, 'V2.1.dsf  ', NULL, '0                             ', NULL, NULL, NULL, NULL, NULL);
INSERT INTO T_SEND_RETURN(ID, RETURN_ID, RETURN_NAME, ORDER_ID, VALUE_TYPE, FILE_EXT, SUPER_PATH, RET_TYPE, DICT, VERSION, NOTE, BAK1, BAK2, BAK3, BAK4, BAK5, BAK6)
  VALUES(217, 'zwrq                ', '平台帐务日期                  ', '2 ', '0', NULL, '/pub/               ', '0', NULL, 'V2.1.dsf  ', NULL, '0                             ', NULL, NULL, NULL, NULL, NULL);
INSERT INTO T_SEND_RETURN(ID, RETURN_ID, RETURN_NAME, ORDER_ID, VALUE_TYPE, FILE_EXT, SUPER_PATH, RET_TYPE, DICT, VERSION, NOTE, BAK1, BAK2, BAK3, BAK4, BAK5, BAK6)
  VALUES(217, 'zwrq                ', '平台帐务日期                  ', '2 ', '0', NULL, '/pub/               ', '1', NULL, 'V2.1.dsf  ', NULL, '0                             ', NULL, NULL, NULL, NULL, NULL);
INSERT INTO T_SEND_RETURN(ID, RETURN_ID, RETURN_NAME, ORDER_ID, VALUE_TYPE, FILE_EXT, SUPER_PATH, RET_TYPE, DICT, VERSION, NOTE, BAK1, BAK2, BAK3, BAK4, BAK5, BAK6)
  VALUES(216, 'zhqzlsh             ', '平台流水号                    ', '1 ', '0', NULL, '/pub/               ', '1', NULL, 'V2.1.dsf  ', NULL, '0                             ', NULL, NULL, NULL, NULL, NULL);
INSERT INTO T_SEND_RETURN(ID, RETURN_ID, RETURN_NAME, ORDER_ID, VALUE_TYPE, FILE_EXT, SUPER_PATH, RET_TYPE, DICT, VERSION, NOTE, BAK1, BAK2, BAK3, BAK4, BAK5, BAK6)
  VALUES(216, 'zhqzlsh             ', '平台流水号                    ', '1 ', '0', NULL, '/pub/               ', '0', NULL, 'V2.1.dsf  ', NULL, '0                             ', NULL, NULL, NULL, NULL, NULL);
INSERT INTO T_SEND_RETURN(ID, RETURN_ID, RETURN_NAME, ORDER_ID, VALUE_TYPE, FILE_EXT, SUPER_PATH, RET_TYPE, DICT, VERSION, NOTE, BAK1, BAK2, BAK3, BAK4, BAK5, BAK6)
  VALUES(215, 'zwrq                ', '平台帐务日期                  ', '2 ', '0', NULL, '/pub/               ', '1', NULL, 'V2.1.dsf  ', NULL, '0                             ', NULL, NULL, NULL, NULL, NULL);
INSERT INTO T_SEND_RETURN(ID, RETURN_ID, RETURN_NAME, ORDER_ID, VALUE_TYPE, FILE_EXT, SUPER_PATH, RET_TYPE, DICT, VERSION, NOTE, BAK1, BAK2, BAK3, BAK4, BAK5, BAK6)
  VALUES(215, 'zwrq                ', '平台帐务日期                  ', '2 ', '0', NULL, '/pub/               ', '0', NULL, 'V2.1.dsf  ', NULL, '0                             ', NULL, NULL, NULL, NULL, NULL);
INSERT INTO T_SEND_RETURN(ID, RETURN_ID, RETURN_NAME, ORDER_ID, VALUE_TYPE, FILE_EXT, SUPER_PATH, RET_TYPE, DICT, VERSION, NOTE, BAK1, BAK2, BAK3, BAK4, BAK5, BAK6)
  VALUES(215, 'zhqzlsh             ', '平台流水号                    ', '1 ', '0', NULL, '/pub/               ', '1', NULL, 'V2.1.dsf  ', NULL, '0                             ', NULL, NULL, NULL, NULL, NULL);
INSERT INTO T_SEND_RETURN(ID, RETURN_ID, RETURN_NAME, ORDER_ID, VALUE_TYPE, FILE_EXT, SUPER_PATH, RET_TYPE, DICT, VERSION, NOTE, BAK1, BAK2, BAK3, BAK4, BAK5, BAK6)
  VALUES(215, 'zhqzlsh             ', '平台流水号                    ', '1 ', '0', NULL, '/pub/               ', '0', NULL, 'V2.1.dsf  ', NULL, '0                             ', NULL, NULL, NULL, NULL, NULL);
INSERT INTO T_SEND_RETURN(ID, RETURN_ID, RETURN_NAME, ORDER_ID, VALUE_TYPE, FILE_EXT, SUPER_PATH, RET_TYPE, DICT, VERSION, NOTE, BAK1, BAK2, BAK3, BAK4, BAK5, BAK6)
  VALUES(207, 'dzjg                ', '对账结果                      ', '1 ', NULL, NULL, '/agent/resp/        ', NULL, NULL, 'V2.1.dsf  ', NULL, '0                             ', NULL, NULL, NULL, NULL, NULL);
INSERT INTO T_SEND_RETURN(ID, RETURN_ID, RETURN_NAME, ORDER_ID, VALUE_TYPE, FILE_EXT, SUPER_PATH, RET_TYPE, DICT, VERSION, NOTE, BAK1, BAK2, BAK3, BAK4, BAK5, BAK6)
  VALUES(216, 'zwrq                ', '平台帐务日期                  ', '2 ', '0', NULL, '/pub/               ', '0', NULL, 'V2.1.dsf  ', NULL, '0                             ', NULL, NULL, NULL, NULL, NULL);
INSERT INTO T_SEND_RETURN(ID, RETURN_ID, RETURN_NAME, ORDER_ID, VALUE_TYPE, FILE_EXT, SUPER_PATH, RET_TYPE, DICT, VERSION, NOTE, BAK1, BAK2, BAK3, BAK4, BAK5, BAK6)
  VALUES(216, 'zwrq                ', '平台帐务日期                  ', '2 ', '0', NULL, '/pub/               ', '1', NULL, 'V2.1.dsf  ', NULL, '0                             ', NULL, NULL, NULL, NULL, NULL);
INSERT INTO T_SEND_RETURN(ID, RETURN_ID, RETURN_NAME, ORDER_ID, VALUE_TYPE, FILE_EXT, SUPER_PATH, RET_TYPE, DICT, VERSION, NOTE, BAK1, BAK2, BAK3, BAK4, BAK5, BAK6)
  VALUES(224, 'zwrq                ', '平台帐务日期                  ', '2 ', '0', NULL, '/pub/               ', '0', NULL, 'V2.1.dsf  ', NULL, '0                             ', NULL, NULL, NULL, NULL, NULL);
INSERT INTO T_SEND_RETURN(ID, RETURN_ID, RETURN_NAME, ORDER_ID, VALUE_TYPE, FILE_EXT, SUPER_PATH, RET_TYPE, DICT, VERSION, NOTE, BAK1, BAK2, BAK3, BAK4, BAK5, BAK6)
  VALUES(224, 'zhqzlsh             ', '平台流水号                    ', '1 ', '0', NULL, '/pub/               ', '0', NULL, 'V2.1.dsf  ', NULL, '0                             ', NULL, NULL, NULL, NULL, NULL);
INSERT INTO T_SEND_RETURN(ID, RETURN_ID, RETURN_NAME, ORDER_ID, VALUE_TYPE, FILE_EXT, SUPER_PATH, RET_TYPE, DICT, VERSION, NOTE, BAK1, BAK2, BAK3, BAK4, BAK5, BAK6)
  VALUES(224, 'zhqzlsh             ', '平台流水号                    ', '1 ', '0', NULL, '/pub/               ', '1', NULL, 'V2.1.dsf  ', NULL, '0                             ', NULL, NULL, NULL, NULL, NULL);
INSERT INTO T_SEND_RETURN(ID, RETURN_ID, RETURN_NAME, ORDER_ID, VALUE_TYPE, FILE_EXT, SUPER_PATH, RET_TYPE, DICT, VERSION, NOTE, BAK1, BAK2, BAK3, BAK4, BAK5, BAK6)
  VALUES(224, 'ywrq                ', '业务日期                      ', '5 ', '0', NULL, '/agent/resp/        ', '0', NULL, 'V2.1.dsf  ', NULL, '0                             ', NULL, NULL, NULL, NULL, NULL);
INSERT INTO T_SEND_RETURN(ID, RETURN_ID, RETURN_NAME, ORDER_ID, VALUE_TYPE, FILE_EXT, SUPER_PATH, RET_TYPE, DICT, VERSION, NOTE, BAK1, BAK2, BAK3, BAK4, BAK5, BAK6)
  VALUES(224, 'rzm                 ', '认证码                        ', '4 ', '0', NULL, '/agent/resp/        ', '0', NULL, 'V2.1.dsf  ', NULL, '0                             ', NULL, NULL, NULL, NULL, NULL);
INSERT INTO T_SEND_RETURN(ID, RETURN_ID, RETURN_NAME, ORDER_ID, VALUE_TYPE, FILE_EXT, SUPER_PATH, RET_TYPE, DICT, VERSION, NOTE, BAK1, BAK2, BAK3, BAK4, BAK5, BAK6)
  VALUES(224, 'qdmy                ', '签到密钥                      ', '3 ', '0', NULL, '/agent/resp/        ', '0', NULL, 'V2.1.dsf  ', NULL, '0                             ', NULL, NULL, NULL, NULL, NULL);
INSERT INTO T_SEND_RETURN(ID, RETURN_ID, RETURN_NAME, ORDER_ID, VALUE_TYPE, FILE_EXT, SUPER_PATH, RET_TYPE, DICT, VERSION, NOTE, BAK1, BAK2, BAK3, BAK4, BAK5, BAK6)
  VALUES(207, 'zwrq                ', '平台帐务日期                  ', '2 ', '0', NULL, '/pub/               ', '1', NULL, 'V2.1.dsf  ', NULL, '0                             ', NULL, NULL, NULL, NULL, NULL);
INSERT INTO T_SEND_RETURN(ID, RETURN_ID, RETURN_NAME, ORDER_ID, VALUE_TYPE, FILE_EXT, SUPER_PATH, RET_TYPE, DICT, VERSION, NOTE, BAK1, BAK2, BAK3, BAK4, BAK5, BAK6)
  VALUES(207, 'zhqzlsh             ', '平台流水号                    ', '1 ', '0', NULL, '/pub/               ', '0', NULL, 'V2.1.dsf  ', NULL, '0                             ', NULL, NULL, NULL, NULL, NULL);
INSERT INTO T_SEND_RETURN(ID, RETURN_ID, RETURN_NAME, ORDER_ID, VALUE_TYPE, FILE_EXT, SUPER_PATH, RET_TYPE, DICT, VERSION, NOTE, BAK1, BAK2, BAK3, BAK4, BAK5, BAK6)
  VALUES(207, 'zwrq                ', '平台帐务日期                  ', '2 ', '0', NULL, '/pub/               ', '0', NULL, 'V2.1.dsf  ', NULL, '0                             ', NULL, NULL, NULL, NULL, NULL);
INSERT INTO T_SEND_RETURN(ID, RETURN_ID, RETURN_NAME, ORDER_ID, VALUE_TYPE, FILE_EXT, SUPER_PATH, RET_TYPE, DICT, VERSION, NOTE, BAK1, BAK2, BAK3, BAK4, BAK5, BAK6)
  VALUES(207, 'zhqzlsh             ', '平台流水号                    ', '1 ', '0', NULL, '/pub/               ', '1', NULL, 'V2.1.dsf  ', NULL, '0                             ', NULL, NULL, NULL, NULL, NULL);
INSERT INTO T_SEND_RETURN(ID, RETURN_ID, RETURN_NAME, ORDER_ID, VALUE_TYPE, FILE_EXT, SUPER_PATH, RET_TYPE, DICT, VERSION, NOTE, BAK1, BAK2, BAK3, BAK4, BAK5, BAK6)
  VALUES(202, 'zjjyzbs             ', '主机交易总笔数                ', '4 ', '0', NULL, '/agent/resp/        ', '0', NULL, 'V2.1.dsf  ', NULL, '0                             ', NULL, NULL, NULL, NULL, NULL);
INSERT INTO T_SEND_RETURN(ID, RETURN_ID, RETURN_NAME, ORDER_ID, VALUE_TYPE, FILE_EXT, SUPER_PATH, RET_TYPE, DICT, VERSION, NOTE, BAK1, BAK2, BAK3, BAK4, BAK5, BAK6)
  VALUES(202, 'zjjyzje             ', '主机交易总金额                ', '5 ', '1', NULL, '/agent/resp/        ', '0', NULL, 'V2.1.dsf  ', NULL, '0                             ', NULL, NULL, NULL, NULL, NULL);
INSERT INTO T_SEND_RETURN(ID, RETURN_ID, RETURN_NAME, ORDER_ID, VALUE_TYPE, FILE_EXT, SUPER_PATH, RET_TYPE, DICT, VERSION, NOTE, BAK1, BAK2, BAK3, BAK4, BAK5, BAK6)
  VALUES(202, 'ptcgzbs             ', '平台成功总笔数                ', '6 ', '0', NULL, '/agent/resp/        ', '0', NULL, 'V2.1.dsf  ', NULL, '0                             ', NULL, NULL, NULL, NULL, NULL);
INSERT INTO T_SEND_RETURN(ID, RETURN_ID, RETURN_NAME, ORDER_ID, VALUE_TYPE, FILE_EXT, SUPER_PATH, RET_TYPE, DICT, VERSION, NOTE, BAK1, BAK2, BAK3, BAK4, BAK5, BAK6)
  VALUES(202, 'zjdzzt              ', '对帐状态                      ', '3 ', '3', NULL, '/agent/resp/        ', '0', 'agent_send_dzzt                                                                                                                                                                     ', 'V2.1.dsf  ', NULL, '0                             ', NULL, NULL, NULL, NULL, NULL);
INSERT INTO T_SEND_RETURN(ID, RETURN_ID, RETURN_NAME, ORDER_ID, VALUE_TYPE, FILE_EXT, SUPER_PATH, RET_TYPE, DICT, VERSION, NOTE, BAK1, BAK2, BAK3, BAK4, BAK5, BAK6)
  VALUES(202, 'ptcgzje             ', '平台成功总金额                ', '7 ', '1', NULL, '/agent/resp/        ', '0', NULL, 'V2.1.dsf  ', NULL, '0                             ', NULL, NULL, NULL, NULL, NULL);
INSERT INTO T_SEND_RETURN(ID, RETURN_ID, RETURN_NAME, ORDER_ID, VALUE_TYPE, FILE_EXT, SUPER_PATH, RET_TYPE, DICT, VERSION, NOTE, BAK1, BAK2, BAK3, BAK4, BAK5, BAK6)
  VALUES(205, 'ptcgzje             ', '平台成功总金额                ', '6 ', '1', NULL, '/agent/resp/        ', '0', NULL, 'V2.1.dsf  ', NULL, '0                             ', NULL, NULL, NULL, NULL, NULL);
INSERT INTO T_SEND_RETURN(ID, RETURN_ID, RETURN_NAME, ORDER_ID, VALUE_TYPE, FILE_EXT, SUPER_PATH, RET_TYPE, DICT, VERSION, NOTE, BAK1, BAK2, BAK3, BAK4, BAK5, BAK6)
  VALUES(205, 'ptcgzbs             ', '平台成功总笔数                ', '5 ', '0', NULL, '/agent/resp/        ', '0', NULL, 'V2.1.dsf  ', NULL, '0                             ', NULL, NULL, NULL, NULL, NULL);
INSERT INTO T_SEND_RETURN(ID, RETURN_ID, RETURN_NAME, ORDER_ID, VALUE_TYPE, FILE_EXT, SUPER_PATH, RET_TYPE, DICT, VERSION, NOTE, BAK1, BAK2, BAK3, BAK4, BAK5, BAK6)
  VALUES(205, 'dsfcgzje            ', '第三方成功总金额              ', '4 ', '1', NULL, '/agent/resp/        ', '0', NULL, 'V2.1.dsf  ', NULL, '0                             ', NULL, NULL, NULL, NULL, NULL);
INSERT INTO T_SEND_RETURN(ID, RETURN_ID, RETURN_NAME, ORDER_ID, VALUE_TYPE, FILE_EXT, SUPER_PATH, RET_TYPE, DICT, VERSION, NOTE, BAK1, BAK2, BAK3, BAK4, BAK5, BAK6)
  VALUES(205, 'dsfcgzbs            ', '第三方成功总笔数              ', '3 ', '0', NULL, '/agent/resp/        ', '0', NULL, 'V2.1.dsf  ', NULL, '0                             ', NULL, NULL, NULL, NULL, NULL);
INSERT INTO T_SEND_RETURN(ID, RETURN_ID, RETURN_NAME, ORDER_ID, VALUE_TYPE, FILE_EXT, SUPER_PATH, RET_TYPE, DICT, VERSION, NOTE, BAK1, BAK2, BAK3, BAK4, BAK5, BAK6)
  VALUES(208, 'wjmc                ', '文件名称                      ', '1 ', '0', NULL, '/agent/resp/        ', '0', NULL, 'V2.1.dsf  ', NULL, '0                             ', NULL, NULL, NULL, NULL, NULL);
INSERT INTO T_SEND_RETURN(ID, RETURN_ID, RETURN_NAME, ORDER_ID, VALUE_TYPE, FILE_EXT, SUPER_PATH, RET_TYPE, DICT, VERSION, NOTE, BAK1, BAK2, BAK3, BAK4, BAK5, BAK6)
  VALUES(217, 'jyje                ', '交易金额                      ', '4 ', '1', NULL, '/agent/resp/        ', '0', NULL, 'V2.1.dsf  ', NULL, '0                             ', NULL, NULL, NULL, NULL, NULL);
INSERT INTO T_SEND_RETURN(ID, RETURN_ID, RETURN_NAME, ORDER_ID, VALUE_TYPE, FILE_EXT, SUPER_PATH, RET_TYPE, DICT, VERSION, NOTE, BAK1, BAK2, BAK3, BAK4, BAK5, BAK6)
  VALUES(217, 'zjlsh               ', '主机流水号                    ', '3 ', '0', NULL, '/agent/resp/        ', '0', NULL, 'V2.1.dsf  ', NULL, '0                             ', NULL, NULL, NULL, NULL, NULL);
INSERT INTO T_SEND_RETURN(ID, RETURN_ID, RETURN_NAME, ORDER_ID, VALUE_TYPE, FILE_EXT, SUPER_PATH, RET_TYPE, DICT, VERSION, NOTE, BAK1, BAK2, BAK3, BAK4, BAK5, BAK6)
  VALUES(211, 'zhqzlsh             ', '平台流水号                    ', '1 ', '0', NULL, '/pub/               ', '1', NULL, 'V2.1.dsf  ', NULL, '0                             ', NULL, NULL, NULL, NULL, NULL);
INSERT INTO T_SEND_RETURN(ID, RETURN_ID, RETURN_NAME, ORDER_ID, VALUE_TYPE, FILE_EXT, SUPER_PATH, RET_TYPE, DICT, VERSION, NOTE, BAK1, BAK2, BAK3, BAK4, BAK5, BAK6)
  VALUES(211, 'zwrq                ', '平台帐务日期                  ', '2 ', '0', NULL, '/pub/               ', '0', NULL, 'V2.1.dsf  ', NULL, '0                             ', NULL, NULL, NULL, NULL, NULL);
INSERT INTO T_SEND_RETURN(ID, RETURN_ID, RETURN_NAME, ORDER_ID, VALUE_TYPE, FILE_EXT, SUPER_PATH, RET_TYPE, DICT, VERSION, NOTE, BAK1, BAK2, BAK3, BAK4, BAK5, BAK6)
  VALUES(211, 'zhqzlsh             ', '平台流水号                    ', '1 ', '0', NULL, '/pub/               ', '0', NULL, 'V2.1.dsf  ', NULL, '0                             ', NULL, NULL, NULL, NULL, NULL);
INSERT INTO T_SEND_RETURN(ID, RETURN_ID, RETURN_NAME, ORDER_ID, VALUE_TYPE, FILE_EXT, SUPER_PATH, RET_TYPE, DICT, VERSION, NOTE, BAK1, BAK2, BAK3, BAK4, BAK5, BAK6)
  VALUES(211, 'zwrq                ', '平台帐务日期                  ', '2 ', '0', NULL, '/pub/               ', '1', NULL, 'V2.1.dsf  ', NULL, '0                             ', NULL, NULL, NULL, NULL, NULL);
INSERT INTO T_SEND_RETURN(ID, RETURN_ID, RETURN_NAME, ORDER_ID, VALUE_TYPE, FILE_EXT, SUPER_PATH, RET_TYPE, DICT, VERSION, NOTE, BAK1, BAK2, BAK3, BAK4, BAK5, BAK6)
  VALUES(210, 'zhqzlsh             ', '平台流水号                    ', '1 ', '0', NULL, '/pub/               ', '1', NULL, 'V2.1.dsf  ', NULL, '0                             ', NULL, NULL, NULL, NULL, NULL);
INSERT INTO T_SEND_RETURN(ID, RETURN_ID, RETURN_NAME, ORDER_ID, VALUE_TYPE, FILE_EXT, SUPER_PATH, RET_TYPE, DICT, VERSION, NOTE, BAK1, BAK2, BAK3, BAK4, BAK5, BAK6)
  VALUES(210, 'zwrq                ', '平台帐务日期                  ', '2 ', '0', NULL, '/pub/               ', '0', NULL, 'V2.1.dsf  ', NULL, '0                             ', NULL, NULL, NULL, NULL, NULL);
INSERT INTO T_SEND_RETURN(ID, RETURN_ID, RETURN_NAME, ORDER_ID, VALUE_TYPE, FILE_EXT, SUPER_PATH, RET_TYPE, DICT, VERSION, NOTE, BAK1, BAK2, BAK3, BAK4, BAK5, BAK6)
  VALUES(210, 'zhqzlsh             ', '平台流水号                    ', '1 ', '0', NULL, '/pub/               ', '0', NULL, 'V2.1.dsf  ', NULL, '0                             ', NULL, NULL, NULL, NULL, NULL);
INSERT INTO T_SEND_RETURN(ID, RETURN_ID, RETURN_NAME, ORDER_ID, VALUE_TYPE, FILE_EXT, SUPER_PATH, RET_TYPE, DICT, VERSION, NOTE, BAK1, BAK2, BAK3, BAK4, BAK5, BAK6)
  VALUES(210, 'zwrq                ', '平台帐务日期                  ', '2 ', '0', NULL, '/pub/               ', '1', NULL, 'V2.1.dsf  ', NULL, '0                             ', NULL, NULL, NULL, NULL, NULL);
INSERT INTO T_SEND_RETURN(ID, RETURN_ID, RETURN_NAME, ORDER_ID, VALUE_TYPE, FILE_EXT, SUPER_PATH, RET_TYPE, DICT, VERSION, NOTE, BAK1, BAK2, BAK3, BAK4, BAK5, BAK6)
  VALUES(208, 'zhqzlsh             ', '平台流水号                    ', '1 ', '0', NULL, '/pub/               ', '1', NULL, 'V2.1.dsf  ', NULL, '0                             ', NULL, NULL, NULL, NULL, NULL);
INSERT INTO T_SEND_RETURN(ID, RETURN_ID, RETURN_NAME, ORDER_ID, VALUE_TYPE, FILE_EXT, SUPER_PATH, RET_TYPE, DICT, VERSION, NOTE, BAK1, BAK2, BAK3, BAK4, BAK5, BAK6)
  VALUES(208, 'zwrq                ', '平台帐务日期                  ', '2 ', '0', NULL, '/pub/               ', '0', NULL, 'V2.1.dsf  ', NULL, '0                             ', NULL, NULL, NULL, NULL, NULL);
INSERT INTO T_SEND_RETURN(ID, RETURN_ID, RETURN_NAME, ORDER_ID, VALUE_TYPE, FILE_EXT, SUPER_PATH, RET_TYPE, DICT, VERSION, NOTE, BAK1, BAK2, BAK3, BAK4, BAK5, BAK6)
  VALUES(208, 'zhqzlsh             ', '平台流水号                    ', '1 ', '0', NULL, '/pub/               ', '0', NULL, 'V2.1.dsf  ', NULL, '0                             ', NULL, NULL, NULL, NULL, NULL);
INSERT INTO T_SEND_RETURN(ID, RETURN_ID, RETURN_NAME, ORDER_ID, VALUE_TYPE, FILE_EXT, SUPER_PATH, RET_TYPE, DICT, VERSION, NOTE, BAK1, BAK2, BAK3, BAK4, BAK5, BAK6)
  VALUES(208, 'zwrq                ', '平台帐务日期                  ', '2 ', '0', NULL, '/pub/               ', '1', NULL, 'V2.1.dsf  ', NULL, '0                             ', NULL, NULL, NULL, NULL, NULL);
INSERT INTO T_SEND_RETURN(ID, RETURN_ID, RETURN_NAME, ORDER_ID, VALUE_TYPE, FILE_EXT, SUPER_PATH, RET_TYPE, DICT, VERSION, NOTE, BAK1, BAK2, BAK3, BAK4, BAK5, BAK6)
  VALUES(206, 'zhqzlsh             ', '平台流水号                    ', '1 ', '0', NULL, '/pub/               ', '1', NULL, 'V2.1.dsf  ', NULL, '0                             ', NULL, NULL, NULL, NULL, NULL);
INSERT INTO T_SEND_RETURN(ID, RETURN_ID, RETURN_NAME, ORDER_ID, VALUE_TYPE, FILE_EXT, SUPER_PATH, RET_TYPE, DICT, VERSION, NOTE, BAK1, BAK2, BAK3, BAK4, BAK5, BAK6)
  VALUES(216, 'wjmc                ', '报表文件名                    ', '3 ', '4', NULL, '/agent/resp/        ', '0', NULL, 'V2.1.dsf  ', NULL, '0                             ', NULL, NULL, NULL, NULL, NULL);
INSERT INTO T_SEND_RETURN(ID, RETURN_ID, RETURN_NAME, ORDER_ID, VALUE_TYPE, FILE_EXT, SUPER_PATH, RET_TYPE, DICT, VERSION, NOTE, BAK1, BAK2, BAK3, BAK4, BAK5, BAK6)
  VALUES(212, 'zhqzlsh             ', '平台流水号                    ', '1 ', '0', NULL, '/pub/               ', '0', NULL, 'V2.1.dsf  ', NULL, '0                             ', NULL, NULL, NULL, NULL, NULL);
INSERT INTO T_SEND_RETURN(ID, RETURN_ID, RETURN_NAME, ORDER_ID, VALUE_TYPE, FILE_EXT, SUPER_PATH, RET_TYPE, DICT, VERSION, NOTE, BAK1, BAK2, BAK3, BAK4, BAK5, BAK6)
  VALUES(212, 'zwrq                ', '平台帐务日期                  ', '2 ', '0', NULL, '/pub/               ', '0', NULL, 'V2.1.dsf  ', NULL, '0                             ', NULL, NULL, NULL, NULL, NULL);
INSERT INTO T_SEND_RETURN(ID, RETURN_ID, RETURN_NAME, ORDER_ID, VALUE_TYPE, FILE_EXT, SUPER_PATH, RET_TYPE, DICT, VERSION, NOTE, BAK1, BAK2, BAK3, BAK4, BAK5, BAK6)
  VALUES(212, 'zwrq                ', '平台帐务日期                  ', '2 ', '0', NULL, '/pub/               ', '1', NULL, 'V2.1.dsf  ', NULL, '0                             ', NULL, NULL, NULL, NULL, NULL);
INSERT INTO T_SEND_RETURN(ID, RETURN_ID, RETURN_NAME, ORDER_ID, VALUE_TYPE, FILE_EXT, SUPER_PATH, RET_TYPE, DICT, VERSION, NOTE, BAK1, BAK2, BAK3, BAK4, BAK5, BAK6)
  VALUES(224, 'zwrq                ', '平台帐务日期                  ', '2 ', '0', NULL, '/pub/               ', '1', NULL, 'V2.1.dsf  ', NULL, '0                             ', NULL, NULL, NULL, NULL, NULL);
INSERT INTO T_SEND_RETURN(ID, RETURN_ID, RETURN_NAME, ORDER_ID, VALUE_TYPE, FILE_EXT, SUPER_PATH, RET_TYPE, DICT, VERSION, NOTE, BAK1, BAK2, BAK3, BAK4, BAK5, BAK6)
  VALUES(217, 'zhqzlsh             ', '平台流水号                    ', '1 ', '0', NULL, '/pub/               ', '1', NULL, 'V2.1.dsf  ', NULL, '0                             ', NULL, NULL, NULL, NULL, NULL);
INSERT INTO T_SEND_RETURN(ID, RETURN_ID, RETURN_NAME, ORDER_ID, VALUE_TYPE, FILE_EXT, SUPER_PATH, RET_TYPE, DICT, VERSION, NOTE, BAK1, BAK2, BAK3, BAK4, BAK5, BAK6)
  VALUES(217, 'zhqzlsh             ', '平台流水号                    ', '1 ', '0', NULL, '/pub/               ', '0', NULL, 'V2.1.dsf  ', NULL, '0                             ', NULL, NULL, NULL, NULL, NULL);
INSERT INTO T_SEND_RETURN(ID, RETURN_ID, RETURN_NAME, ORDER_ID, VALUE_TYPE, FILE_EXT, SUPER_PATH, RET_TYPE, DICT, VERSION, NOTE, BAK1, BAK2, BAK3, BAK4, BAK5, BAK6)
  VALUES(206, 'zwrq                ', '平台帐务日期                  ', '2 ', '0', NULL, '/pub/               ', '0', NULL, 'V2.1.dsf  ', NULL, '0                             ', NULL, NULL, NULL, NULL, NULL);
INSERT INTO T_SEND_RETURN(ID, RETURN_ID, RETURN_NAME, ORDER_ID, VALUE_TYPE, FILE_EXT, SUPER_PATH, RET_TYPE, DICT, VERSION, NOTE, BAK1, BAK2, BAK3, BAK4, BAK5, BAK6)
  VALUES(201, 'zhqzlsh             ', '平台流水号                    ', '1 ', '0', NULL, '/pub/               ', '1', NULL, 'V2.1.dsf  ', NULL, '0                             ', NULL, NULL, NULL, NULL, NULL);
INSERT INTO T_SEND_RETURN(ID, RETURN_ID, RETURN_NAME, ORDER_ID, VALUE_TYPE, FILE_EXT, SUPER_PATH, RET_TYPE, DICT, VERSION, NOTE, BAK1, BAK2, BAK3, BAK4, BAK5, BAK6)
  VALUES(201, 'zwrq                ', '平台帐务日期                  ', '2 ', '0', NULL, '/pub/               ', '0', NULL, 'V2.1.dsf  ', NULL, '0                             ', NULL, NULL, NULL, NULL, NULL);
INSERT INTO T_SEND_RETURN(ID, RETURN_ID, RETURN_NAME, ORDER_ID, VALUE_TYPE, FILE_EXT, SUPER_PATH, RET_TYPE, DICT, VERSION, NOTE, BAK1, BAK2, BAK3, BAK4, BAK5, BAK6)
  VALUES(201, 'zhqzlsh             ', '平台流水号                    ', '1 ', '0', NULL, '/pub/               ', '0', NULL, 'V2.1.dsf  ', NULL, '0                             ', NULL, NULL, NULL, NULL, NULL);
INSERT INTO T_SEND_RETURN(ID, RETURN_ID, RETURN_NAME, ORDER_ID, VALUE_TYPE, FILE_EXT, SUPER_PATH, RET_TYPE, DICT, VERSION, NOTE, BAK1, BAK2, BAK3, BAK4, BAK5, BAK6)
  VALUES(201, 'zwrq                ', '平台帐务日期                  ', '2 ', '0', NULL, '/pub/               ', '1', NULL, 'V2.1.dsf  ', NULL, '0                             ', NULL, NULL, NULL, NULL, NULL);
INSERT INTO T_SEND_RETURN(ID, RETURN_ID, RETURN_NAME, ORDER_ID, VALUE_TYPE, FILE_EXT, SUPER_PATH, RET_TYPE, DICT, VERSION, NOTE, BAK1, BAK2, BAK3, BAK4, BAK5, BAK6)
  VALUES(206, 'zhqzlsh             ', '平台流水号                    ', '1 ', '0', NULL, '/pub/               ', '0', NULL, 'V2.1.dsf  ', NULL, '0                             ', NULL, NULL, NULL, NULL, NULL);
INSERT INTO T_SEND_RETURN(ID, RETURN_ID, RETURN_NAME, ORDER_ID, VALUE_TYPE, FILE_EXT, SUPER_PATH, RET_TYPE, DICT, VERSION, NOTE, BAK1, BAK2, BAK3, BAK4, BAK5, BAK6)
  VALUES(206, 'zwrq                ', '平台帐务日期                  ', '2 ', '0', NULL, '/pub/               ', '1', NULL, 'V2.1.dsf  ', NULL, '0                             ', NULL, NULL, NULL, NULL, NULL);
INSERT INTO T_SEND_RETURN(ID, RETURN_ID, RETURN_NAME, ORDER_ID, VALUE_TYPE, FILE_EXT, SUPER_PATH, RET_TYPE, DICT, VERSION, NOTE, BAK1, BAK2, BAK3, BAK4, BAK5, BAK6)
  VALUES(202, 'zhqzlsh             ', '平台流水号                    ', '1 ', '0', NULL, '/pub/               ', '1', NULL, 'V2.1.dsf  ', NULL, '0                             ', NULL, NULL, NULL, NULL, NULL);
INSERT INTO T_SEND_RETURN(ID, RETURN_ID, RETURN_NAME, ORDER_ID, VALUE_TYPE, FILE_EXT, SUPER_PATH, RET_TYPE, DICT, VERSION, NOTE, BAK1, BAK2, BAK3, BAK4, BAK5, BAK6)
  VALUES(202, 'zwrq                ', '平台帐务日期                  ', '2 ', '0', NULL, '/pub/               ', '0', NULL, 'V2.1.dsf  ', NULL, '0                             ', NULL, NULL, NULL, NULL, NULL);
INSERT INTO T_SEND_RETURN(ID, RETURN_ID, RETURN_NAME, ORDER_ID, VALUE_TYPE, FILE_EXT, SUPER_PATH, RET_TYPE, DICT, VERSION, NOTE, BAK1, BAK2, BAK3, BAK4, BAK5, BAK6)
  VALUES(202, 'zhqzlsh             ', '平台流水号                    ', '1 ', '0', NULL, '/pub/               ', '0', NULL, 'V2.1.dsf  ', NULL, '0                             ', NULL, NULL, NULL, NULL, NULL);


INSERT INTO T_SEND_COND(ID, SEND_COND_ID, SEND_COND_NAME, SEND_COND_TYPE, ORDER_ID, IS_NULL, SEND_ON, SEND_DIV, COND_INFO, VERSION, NOTE, BAK1, BAK2, BAK3, BAK4, BAK5, BAK6)
  VALUES(211, 'ywbh                ', '业务编号                      ', '9', '1 ', '0', NULL, NULL, 'agent_ywbh:ywbh:ywmc::true:false                                                                    ', 'V2.1.dsf  ', NULL, '/agent/req/                   ', NULL, NULL, NULL, NULL, NULL);
INSERT INTO T_SEND_COND(ID, SEND_COND_ID, SEND_COND_NAME, SEND_COND_TYPE, ORDER_ID, IS_NULL, SEND_ON, SEND_DIV, COND_INFO, VERSION, NOTE, BAK1, BAK2, BAK3, BAK4, BAK5, BAK6)
  VALUES(212, 'ywbh                ', '业务编号                      ', '9', '1 ', '0', NULL, NULL, 'agent_ywbh:ywbh:ywmc::true:false                                                                    ', 'V2.1.dsf  ', NULL, '/agent/req/                   ', NULL, NULL, NULL, NULL, NULL);
INSERT INTO T_SEND_COND(ID, SEND_COND_ID, SEND_COND_NAME, SEND_COND_TYPE, ORDER_ID, IS_NULL, SEND_ON, SEND_DIV, COND_INFO, VERSION, NOTE, BAK1, BAK2, BAK3, BAK4, BAK5, BAK6)
  VALUES(212, 'qlrq                ', '清理日期                      ', '3', '2 ', '1', NULL, NULL, NULL, 'V2.1.dsf  ', NULL, '/agent/req/                   ', NULL, NULL, NULL, NULL, NULL);
INSERT INTO T_SEND_COND(ID, SEND_COND_ID, SEND_COND_NAME, SEND_COND_TYPE, ORDER_ID, IS_NULL, SEND_ON, SEND_DIV, COND_INFO, VERSION, NOTE, BAK1, BAK2, BAK3, BAK4, BAK5, BAK6)
  VALUES(216, 'bbjg                ', '交易机构                      ', '5', '3 ', '0', NULL, NULL, 'com.hundsun.agent.web.app.sendUtil.Org_GyhSend                                                      ', 'V2.1.dsf  ', NULL, '/agent/req/                   ', NULL, NULL, NULL, NULL, NULL);
INSERT INTO T_SEND_COND(ID, SEND_COND_ID, SEND_COND_NAME, SEND_COND_TYPE, ORDER_ID, IS_NULL, SEND_ON, SEND_DIV, COND_INFO, VERSION, NOTE, BAK1, BAK2, BAK3, BAK4, BAK5, BAK6)
  VALUES(210, 'lslx                ', '流水类型                      ', '2', '3 ', '1', '                                                                                                    ', '                    ', '                                                                                                    ', 'V2.1.dsf  ', '                                                                                                    ', '/agent/req/                   ', NULL, NULL, NULL, NULL, NULL);
INSERT INTO T_SEND_COND(ID, SEND_COND_ID, SEND_COND_NAME, SEND_COND_TYPE, ORDER_ID, IS_NULL, SEND_ON, SEND_DIV, COND_INFO, VERSION, NOTE, BAK1, BAK2, BAK3, BAK4, BAK5, BAK6)
  VALUES(210, 'ptrq                ', '平台日期                      ', '3', '2 ', '1', '                                                                                                    ', '                    ', '                                                                                                    ', 'V2.1.dsf  ', '                                                                                                    ', '/agent/req/                   ', NULL, NULL, NULL, NULL, NULL);
INSERT INTO T_SEND_COND(ID, SEND_COND_ID, SEND_COND_NAME, SEND_COND_TYPE, ORDER_ID, IS_NULL, SEND_ON, SEND_DIV, COND_INFO, VERSION, NOTE, BAK1, BAK2, BAK3, BAK4, BAK5, BAK6)
  VALUES(210, 'ptls                ', '平台流水号                    ', '1', '1 ', '1', '                                                                                                    ', '                    ', '                                                                                                    ', 'V2.1.dsf  ', '                                                                                                    ', '/agent/req/                   ', NULL, NULL, NULL, NULL, NULL);
INSERT INTO T_SEND_COND(ID, SEND_COND_ID, SEND_COND_NAME, SEND_COND_TYPE, ORDER_ID, IS_NULL, SEND_ON, SEND_DIV, COND_INFO, VERSION, NOTE, BAK1, BAK2, BAK3, BAK4, BAK5, BAK6)
  VALUES(216, 'jsrq                ', '结束日期                      ', '3', '7 ', '0', NULL, NULL, NULL, 'V2.1.dsf  ', NULL, '/agent/req/                   ', NULL, NULL, NULL, NULL, NULL);
INSERT INTO T_SEND_COND(ID, SEND_COND_ID, SEND_COND_NAME, SEND_COND_TYPE, ORDER_ID, IS_NULL, SEND_ON, SEND_DIV, COND_INFO, VERSION, NOTE, BAK1, BAK2, BAK3, BAK4, BAK5, BAK6)
  VALUES(216, 'qsrq                ', '起始日期                      ', '3', '6 ', '1', NULL, NULL, NULL, 'V2.1.dsf  ', NULL, '/agent/req/                   ', NULL, NULL, NULL, NULL, NULL);
INSERT INTO T_SEND_COND(ID, SEND_COND_ID, SEND_COND_NAME, SEND_COND_TYPE, ORDER_ID, IS_NULL, SEND_ON, SEND_DIV, COND_INFO, VERSION, NOTE, BAK1, BAK2, BAK3, BAK4, BAK5, BAK6)
  VALUES(216, 'bblx                ', '报表类型                      ', '2', '1 ', '1', NULL, NULL, 'agent_send_bblx                                                                                     ', 'V2.1.dsf  ', NULL, '/agent/req/                   ', NULL, NULL, NULL, NULL, NULL);
INSERT INTO T_SEND_COND(ID, SEND_COND_ID, SEND_COND_NAME, SEND_COND_TYPE, ORDER_ID, IS_NULL, SEND_ON, SEND_DIV, COND_INFO, VERSION, NOTE, BAK1, BAK2, BAK3, BAK4, BAK5, BAK6)
  VALUES(216, 'ywbh                ', '业务编号                      ', '5', '2 ', '0', '                                                                                                    ', '                    ', 'com.hundsun.agent.web.dsf.sendUtil.DsfywbhSend                                                      ', 'V2.1.dsf  ', '                                                                                                    ', '/agent/req/                   ', NULL, NULL, NULL, NULL, NULL);
INSERT INTO T_SEND_COND(ID, SEND_COND_ID, SEND_COND_NAME, SEND_COND_TYPE, ORDER_ID, IS_NULL, SEND_ON, SEND_DIV, COND_INFO, VERSION, NOTE, BAK1, BAK2, BAK3, BAK4, BAK5, BAK6)
  VALUES(216, 'bbqd                ', '渠道                          ', '9', '5 ', '0', NULL, NULL, 'app_qdxx:qdbs:qdmc::true:false                                                                      ', 'V2.1.dsf  ', NULL, '/agent/req/                   ', NULL, NULL, NULL, NULL, NULL);
INSERT INTO T_SEND_COND(ID, SEND_COND_ID, SEND_COND_NAME, SEND_COND_TYPE, ORDER_ID, IS_NULL, SEND_ON, SEND_DIV, COND_INFO, VERSION, NOTE, BAK1, BAK2, BAK3, BAK4, BAK5, BAK6)
  VALUES(217, 'lslx                ', '流水类型                      ', '2', '3 ', '1', '                                                                                                    ', '                    ', '                                                                                                    ', 'V2.1.dsf  ', '                                                                                                    ', '/agent/req/                   ', NULL, NULL, NULL, NULL, NULL);
INSERT INTO T_SEND_COND(ID, SEND_COND_ID, SEND_COND_NAME, SEND_COND_TYPE, ORDER_ID, IS_NULL, SEND_ON, SEND_DIV, COND_INFO, VERSION, NOTE, BAK1, BAK2, BAK3, BAK4, BAK5, BAK6)
  VALUES(307, 'ptrq                ', '平台日期                      ', '3', '1 ', '1', '                                                                                                    ', '                    ', '                                                                                                    ', 'V2.1.dsf  ', '                                                                                                    ', '/agent/req/                   ', NULL, NULL, NULL, NULL, NULL);
INSERT INTO T_SEND_COND(ID, SEND_COND_ID, SEND_COND_NAME, SEND_COND_TYPE, ORDER_ID, IS_NULL, SEND_ON, SEND_DIV, COND_INFO, VERSION, NOTE, BAK1, BAK2, BAK3, BAK4, BAK5, BAK6)
  VALUES(307, 'ptls                ', '平台流水                      ', '1', '2 ', '1', '                                                                                                    ', '                    ', '                                                                                                    ', 'V2.1.dsf  ', '                                                                                                    ', '/agent/req/                   ', NULL, NULL, NULL, NULL, NULL);
INSERT INTO T_SEND_COND(ID, SEND_COND_ID, SEND_COND_NAME, SEND_COND_TYPE, ORDER_ID, IS_NULL, SEND_ON, SEND_DIV, COND_INFO, VERSION, NOTE, BAK1, BAK2, BAK3, BAK4, BAK5, BAK6)
  VALUES(307, 'lslx                ', '流水类型                      ', '2', '3 ', '1', '                                                                                                    ', '                    ', '                                                                                                    ', 'V2.1.dsf  ', '                                                                                                    ', '/agent/req/                   ', NULL, NULL, NULL, NULL, NULL);
INSERT INTO T_SEND_COND(ID, SEND_COND_ID, SEND_COND_NAME, SEND_COND_TYPE, ORDER_ID, IS_NULL, SEND_ON, SEND_DIV, COND_INFO, VERSION, NOTE, BAK1, BAK2, BAK3, BAK4, BAK5, BAK6)
  VALUES(217, 'yptls               ', '原平台流水号                  ', '1', '4 ', '1', '                                                                                                    ', '                    ', '                                                                                                    ', 'V2.1.dsf  ', '                                                                                                    ', '/agent/req/                   ', NULL, NULL, NULL, NULL, NULL);
INSERT INTO T_SEND_COND(ID, SEND_COND_ID, SEND_COND_NAME, SEND_COND_TYPE, ORDER_ID, IS_NULL, SEND_ON, SEND_DIV, COND_INFO, VERSION, NOTE, BAK1, BAK2, BAK3, BAK4, BAK5, BAK6)
  VALUES(307, 'yptls               ', '原平台流水号                  ', '1', '4 ', '1', '                                                                                                    ', '                    ', '                                                                                                    ', 'V2.1.dsf  ', '                                                                                                    ', '/agent/req/                   ', NULL, NULL, NULL, NULL, NULL);
INSERT INTO T_SEND_COND(ID, SEND_COND_ID, SEND_COND_NAME, SEND_COND_TYPE, ORDER_ID, IS_NULL, SEND_ON, SEND_DIV, COND_INFO, VERSION, NOTE, BAK1, BAK2, BAK3, BAK4, BAK5, BAK6)
  VALUES(217, 'ptls                ', '平台流水号                    ', '1', '2 ', '1', '                                                                                                    ', '                    ', '                                                                                                    ', 'V2.1.dsf  ', '                                                                                                    ', '/agent/req/                   ', NULL, NULL, NULL, NULL, NULL);
INSERT INTO T_SEND_COND(ID, SEND_COND_ID, SEND_COND_NAME, SEND_COND_TYPE, ORDER_ID, IS_NULL, SEND_ON, SEND_DIV, COND_INFO, VERSION, NOTE, BAK1, BAK2, BAK3, BAK4, BAK5, BAK6)
  VALUES(215, 'ywbh                ', '业务编号                      ', '5', '1 ', '1', '                                                                                                    ', '                    ', 'com.hundsun.agent.web.dsf.sendUtil.DsfywbhRqSend                                                    ', 'V2.1.dsf  ', '业务编号                                                                                            ', '/agent/req/                   ', NULL, NULL, NULL, NULL, NULL);
INSERT INTO T_SEND_COND(ID, SEND_COND_ID, SEND_COND_NAME, SEND_COND_TYPE, ORDER_ID, IS_NULL, SEND_ON, SEND_DIV, COND_INFO, VERSION, NOTE, BAK1, BAK2, BAK3, BAK4, BAK5, BAK6)
  VALUES(215, 'nextdate            ', '日切日期                      ', '3', '2 ', '1', '                                                                                                    ', '                    ', '                                                                                                    ', 'V2.1.dsf  ', '日切日期                                                                                            ', '/agent/req/                   ', NULL, NULL, NULL, NULL, NULL);
INSERT INTO T_SEND_COND(ID, SEND_COND_ID, SEND_COND_NAME, SEND_COND_TYPE, ORDER_ID, IS_NULL, SEND_ON, SEND_DIV, COND_INFO, VERSION, NOTE, BAK1, BAK2, BAK3, BAK4, BAK5, BAK6)
  VALUES(206, 'fqfx                ', '发起方向                      ', '6', '1 ', '0', '                                                                                                    ', '                    ', '1                                                                                                   ', 'V2.1.dsf  ', '发起方向                                                                                            ', '/agent/req/                   ', NULL, NULL, NULL, NULL, NULL);
INSERT INTO T_SEND_COND(ID, SEND_COND_ID, SEND_COND_NAME, SEND_COND_TYPE, ORDER_ID, IS_NULL, SEND_ON, SEND_DIV, COND_INFO, VERSION, NOTE, BAK1, BAK2, BAK3, BAK4, BAK5, BAK6)
  VALUES(206, 'ywbh                ', '业务编号                      ', '5', '2 ', '1', '                                                                                                    ', '                    ', 'com.hundsun.agent.web.dsf.sendUtil.DsfywbhSend                                                      ', 'V2.1.dsf  ', '业务编号                                                                                            ', '/agent/req/                   ', NULL, NULL, NULL, NULL, NULL);
INSERT INTO T_SEND_COND(ID, SEND_COND_ID, SEND_COND_NAME, SEND_COND_TYPE, ORDER_ID, IS_NULL, SEND_ON, SEND_DIV, COND_INFO, VERSION, NOTE, BAK1, BAK2, BAK3, BAK4, BAK5, BAK6)
  VALUES(206, 'dzrq                ', '对帐日期                      ', '3', '3 ', '1', '                                                                                                    ', '                    ', '                                                                                                    ', 'V2.1.dsf  ', '对帐日期                                                                                            ', '/agent/req/                   ', NULL, NULL, NULL, NULL, NULL);
INSERT INTO T_SEND_COND(ID, SEND_COND_ID, SEND_COND_NAME, SEND_COND_TYPE, ORDER_ID, IS_NULL, SEND_ON, SEND_DIV, COND_INFO, VERSION, NOTE, BAK1, BAK2, BAK3, BAK4, BAK5, BAK6)
  VALUES(224, 'czlx                ', '操作类型                      ', '0', '1 ', '1', NULL, NULL, 'agent_qdqt                                                                                          ', 'V2.1.dsf  ', NULL, '/agent/req/                   ', NULL, NULL, NULL, NULL, NULL);
INSERT INTO T_SEND_COND(ID, SEND_COND_ID, SEND_COND_NAME, SEND_COND_TYPE, ORDER_ID, IS_NULL, SEND_ON, SEND_DIV, COND_INFO, VERSION, NOTE, BAK1, BAK2, BAK3, BAK4, BAK5, BAK6)
  VALUES(224, 'ywbh                ', '业务编号                      ', '5', '2 ', '1', '                                                                                                    ', '                    ', 'com.hundsun.agent.web.dsf.sendUtil.DsfywbhQdqtSend                                                  ', 'V2.1.dsf  ', '业务编号                                                                                            ', '/agent/req/                   ', NULL, NULL, NULL, NULL, NULL);
INSERT INTO T_SEND_COND(ID, SEND_COND_ID, SEND_COND_NAME, SEND_COND_TYPE, ORDER_ID, IS_NULL, SEND_ON, SEND_DIV, COND_INFO, VERSION, NOTE, BAK1, BAK2, BAK3, BAK4, BAK5, BAK6)
  VALUES(207, 'dzrq                ', '对帐日期                      ', '3', '2 ', '1', '                                                                                                    ', '                    ', '                                                                                                    ', 'V2.1.dsf  ', '对帐日期                                                                                            ', '/agent/req/                   ', NULL, NULL, NULL, NULL, NULL);
INSERT INTO T_SEND_COND(ID, SEND_COND_ID, SEND_COND_NAME, SEND_COND_TYPE, ORDER_ID, IS_NULL, SEND_ON, SEND_DIV, COND_INFO, VERSION, NOTE, BAK1, BAK2, BAK3, BAK4, BAK5, BAK6)
  VALUES(207, 'ywbh                ', '业务编号                      ', '5', '1 ', '1', '                                                                                                    ', '                    ', 'com.hundsun.agent.web.dsf.sendUtil.DsfywbhSend                                                      ', 'V2.1.dsf  ', '业务编号                                                                                            ', '/agent/req/                   ', NULL, NULL, NULL, NULL, NULL);
INSERT INTO T_SEND_COND(ID, SEND_COND_ID, SEND_COND_NAME, SEND_COND_TYPE, ORDER_ID, IS_NULL, SEND_ON, SEND_DIV, COND_INFO, VERSION, NOTE, BAK1, BAK2, BAK3, BAK4, BAK5, BAK6)
  VALUES(217, 'ptrq                ', '平台日期                      ', '3', '1 ', '1', '                                                                                                    ', '                    ', '                                                                                                    ', 'V2.1.dsf  ', '                                                                                                    ', '/agent/req/                   ', NULL, NULL, NULL, NULL, NULL);
INSERT INTO T_SEND_COND(ID, SEND_COND_ID, SEND_COND_NAME, SEND_COND_TYPE, ORDER_ID, IS_NULL, SEND_ON, SEND_DIV, COND_INFO, VERSION, NOTE, BAK1, BAK2, BAK3, BAK4, BAK5, BAK6)
  VALUES(201, 'qtywbh              ', '业务编号                      ', '5', '1 ', '1', '                                                                                                    ', '                    ', 'com.hundsun.agent.web.bots.sendUtil.Plywbh910010Send                                                ', 'V2.1.dsf  ', '                                                                                                    ', '/agent/req/                   ', NULL, NULL, NULL, NULL, NULL);
INSERT INTO T_SEND_COND(ID, SEND_COND_ID, SEND_COND_NAME, SEND_COND_TYPE, ORDER_ID, IS_NULL, SEND_ON, SEND_DIV, COND_INFO, VERSION, NOTE, BAK1, BAK2, BAK3, BAK4, BAK5, BAK6)
  VALUES(203, 'dzrq                ', '对帐日期                      ', '3', '2 ', '1', NULL, NULL, NULL, 'V2.1.dsf  ', NULL, '/agent/req/                   ', NULL, NULL, NULL, NULL, NULL);
INSERT INTO T_SEND_COND(ID, SEND_COND_ID, SEND_COND_NAME, SEND_COND_TYPE, ORDER_ID, IS_NULL, SEND_ON, SEND_DIV, COND_INFO, VERSION, NOTE, BAK1, BAK2, BAK3, BAK4, BAK5, BAK6)
  VALUES(203, 'ywbh                ', '业务编号                      ', '5', '1 ', '0', '                                                                                                    ', '                    ', 'com.hundsun.agent.web.dsf.sendUtil.DsfywbhSend                                                      ', 'V2.1.dsf  ', '                                                                                                    ', '/agent/req/                   ', NULL, NULL, NULL, NULL, NULL);
INSERT INTO T_SEND_COND(ID, SEND_COND_ID, SEND_COND_NAME, SEND_COND_TYPE, ORDER_ID, IS_NULL, SEND_ON, SEND_DIV, COND_INFO, VERSION, NOTE, BAK1, BAK2, BAK3, BAK4, BAK5, BAK6)
  VALUES(205, 'fqfx                ', '发起方向                      ', '6', '3 ', '0', '                                                                                                    ', '                    ', '1                                                                                                   ', 'V2.1.dsf  ', '发起方向                                                                                            ', '/agent/req/                   ', NULL, NULL, NULL, NULL, NULL);
INSERT INTO T_SEND_COND(ID, SEND_COND_ID, SEND_COND_NAME, SEND_COND_TYPE, ORDER_ID, IS_NULL, SEND_ON, SEND_DIV, COND_INFO, VERSION, NOTE, BAK1, BAK2, BAK3, BAK4, BAK5, BAK6)
  VALUES(205, 'dzrq                ', '对帐日期                      ', '3', '2 ', '1', '                                                                                                    ', '                    ', '                                                                                                    ', 'V2.1.dsf  ', '对帐日期                                                                                            ', '/agent/req/                   ', NULL, NULL, NULL, NULL, NULL);
INSERT INTO T_SEND_COND(ID, SEND_COND_ID, SEND_COND_NAME, SEND_COND_TYPE, ORDER_ID, IS_NULL, SEND_ON, SEND_DIV, COND_INFO, VERSION, NOTE, BAK1, BAK2, BAK3, BAK4, BAK5, BAK6)
  VALUES(205, 'ywbh                ', '业务编号                      ', '5', '1 ', '1', '                                                                                                    ', '                    ', 'com.hundsun.agent.web.dsf.sendUtil.DsfywbhSend                                                      ', 'V2.1.dsf  ', '业务编号                                                                                            ', '/agent/req/                   ', NULL, NULL, NULL, NULL, NULL);
INSERT INTO T_SEND_COND(ID, SEND_COND_ID, SEND_COND_NAME, SEND_COND_TYPE, ORDER_ID, IS_NULL, SEND_ON, SEND_DIV, COND_INFO, VERSION, NOTE, BAK1, BAK2, BAK3, BAK4, BAK5, BAK6)
  VALUES(201, 'qtbz                ', '启停标志                      ', '2', '2 ', '1', NULL, NULL, 'agent_send_qtbz                                                                                     ', 'V2.1.dsf  ', NULL, '/agent/req/                   ', NULL, NULL, NULL, NULL, NULL);
INSERT INTO T_SEND_COND(ID, SEND_COND_ID, SEND_COND_NAME, SEND_COND_TYPE, ORDER_ID, IS_NULL, SEND_ON, SEND_DIV, COND_INFO, VERSION, NOTE, BAK1, BAK2, BAK3, BAK4, BAK5, BAK6)
  VALUES(211, 'bbqd                ', '渠道                          ', '9', '5 ', '0', NULL, NULL, 'app_qdxx:qdbs:qdmc::true:false                                                                      ', 'V2.1.dsf  ', NULL, '/agent/req/                   ', NULL, NULL, NULL, NULL, NULL);
INSERT INTO T_SEND_COND(ID, SEND_COND_ID, SEND_COND_NAME, SEND_COND_TYPE, ORDER_ID, IS_NULL, SEND_ON, SEND_DIV, COND_INFO, VERSION, NOTE, BAK1, BAK2, BAK3, BAK4, BAK5, BAK6)
  VALUES(216, 'bbgy                ', '交易柜员                      ', '2', '4 ', '0', NULL, NULL, NULL, 'V2.1.dsf  ', NULL, '/agent/req/                   ', NULL, NULL, NULL, NULL, NULL);
INSERT INTO T_SEND_COND(ID, SEND_COND_ID, SEND_COND_NAME, SEND_COND_TYPE, ORDER_ID, IS_NULL, SEND_ON, SEND_DIV, COND_INFO, VERSION, NOTE, BAK1, BAK2, BAK3, BAK4, BAK5, BAK6)
  VALUES(202, 'ywbh                ', '业务编号                      ', '5', '1 ', '0', '                                                                                                    ', '                    ', 'com.hundsun.agent.web.dsf.sendUtil.DsfywbhSend                                                      ', 'V2.1.dsf  ', '                                                                                                    ', '/agent/req/                   ', NULL, NULL, NULL, NULL, NULL);
INSERT INTO T_SEND_COND(ID, SEND_COND_ID, SEND_COND_NAME, SEND_COND_TYPE, ORDER_ID, IS_NULL, SEND_ON, SEND_DIV, COND_INFO, VERSION, NOTE, BAK1, BAK2, BAK3, BAK4, BAK5, BAK6)
  VALUES(202, 'dzrq                ', '对帐日期                      ', '3', '2 ', '1', NULL, NULL, NULL, 'V2.1.dsf  ', NULL, '/agent/req/                   ', NULL, NULL, NULL, NULL, NULL);
INSERT INTO T_SEND_COND(ID, SEND_COND_ID, SEND_COND_NAME, SEND_COND_TYPE, ORDER_ID, IS_NULL, SEND_ON, SEND_DIV, COND_INFO, VERSION, NOTE, BAK1, BAK2, BAK3, BAK4, BAK5, BAK6)
  VALUES(208, 'wjmc                ', '文件名称                      ', '1', '4 ', '0', NULL, NULL, NULL, 'V2.1.dsf  ', '对账明细文件全路径文件名                                                                            ', '/agent/req/                   ', NULL, NULL, NULL, NULL, NULL);
INSERT INTO T_SEND_COND(ID, SEND_COND_ID, SEND_COND_NAME, SEND_COND_TYPE, ORDER_ID, IS_NULL, SEND_ON, SEND_DIV, COND_INFO, VERSION, NOTE, BAK1, BAK2, BAK3, BAK4, BAK5, BAK6)
  VALUES(208, 'dzrq                ', '对帐日期                      ', '3', '3 ', '1', '                                                                                                    ', '                    ', '                                                                                                    ', 'V2.1.dsf  ', '对帐日期                                                                                            ', '/agent/req/                   ', NULL, NULL, NULL, NULL, NULL);
INSERT INTO T_SEND_COND(ID, SEND_COND_ID, SEND_COND_NAME, SEND_COND_TYPE, ORDER_ID, IS_NULL, SEND_ON, SEND_DIV, COND_INFO, VERSION, NOTE, BAK1, BAK2, BAK3, BAK4, BAK5, BAK6)
  VALUES(208, 'ywbh                ', '业务编号                      ', '5', '2 ', '1', '                                                                                                    ', '                    ', 'com.hundsun.agent.web.dsf.sendUtil.DsfywbhSend                                                      ', 'V2.1.dsf  ', '业务编号                                                                                            ', '/agent/req/                   ', NULL, NULL, NULL, NULL, NULL);
INSERT INTO T_SEND_COND(ID, SEND_COND_ID, SEND_COND_NAME, SEND_COND_TYPE, ORDER_ID, IS_NULL, SEND_ON, SEND_DIV, COND_INFO, VERSION, NOTE, BAK1, BAK2, BAK3, BAK4, BAK5, BAK6)
  VALUES(208, 'fqfx                ', '发起方向                      ', '2', '1 ', '1', '                                                                                                    ', '                    ', 'agent_send_fsqs                                                                                     ', 'V2.1.dsf  ', '发起方向                                                                                            ', '/agent/req/                   ', NULL, NULL, NULL, NULL, NULL);
INSERT INTO T_SEND_COND(ID, SEND_COND_ID, SEND_COND_NAME, SEND_COND_TYPE, ORDER_ID, IS_NULL, SEND_ON, SEND_DIV, COND_INFO, VERSION, NOTE, BAK1, BAK2, BAK3, BAK4, BAK5, BAK6)
  VALUES(210, 'yptls               ', '原平台流水号                  ', '1', '4 ', '1', '                                                                                                    ', '                    ', '                                                                                                    ', 'V2.1.dsf  ', '                                                                                                    ', '/agent/req/                   ', NULL, NULL, NULL, NULL, NULL);
INSERT INTO T_SEND_COND(ID, SEND_COND_ID, SEND_COND_NAME, SEND_COND_TYPE, ORDER_ID, IS_NULL, SEND_ON, SEND_DIV, COND_INFO, VERSION, NOTE, BAK1, BAK2, BAK3, BAK4, BAK5, BAK6)
  VALUES(211, 'gdrq                ', '归档日期                      ', '3', '2 ', '1', NULL, NULL, NULL, 'V2.1.dsf  ', NULL, '/agent/req/                   ', NULL, NULL, NULL, NULL, NULL);


INSERT INTO T_SENDINFO(ID, SEND_ID, SEND_NAME, SEND_TYPE, LSTSUPER, USERID, ORGID, INNERORGID, VERSION, NOTE, COMMUNICATE, DATASVR, BAK1, BAK2, BAK3, BAK4, BAK5, BAK6)
  VALUES(307, '920314                        ', '第三方调账                                        ', '1', '                    ', 'admin               ', '00000               ', '100                 ', 'V2.1.dsf  ', '', 'agentXml                      ', 'agentFile                     ', '                                                                                                                                                      ', '                                                                                                                                                      ', NULL, NULL, NULL, NULL);
INSERT INTO T_SENDINFO(ID, SEND_ID, SEND_NAME, SEND_TYPE, LSTSUPER, USERID, ORGID, INNERORGID, VERSION, NOTE, COMMUNICATE, DATASVR, BAK1, BAK2, BAK3, BAK4, BAK5, BAK6)
  VALUES(201, '920001                        ', '业务启停                                          ', '1', NULL, 'admin               ', '70001               ', '100                 ', 'V2.1.dsf  ', '业务的临时开启和关闭。通过修改业务编号的有效标志实现。                                                                                                                                                                                                                                                                                                                                                                                                                                                                                                                                                                                                                                                                                                                                                                                                                                                                                                                                                                                                          ', 'agentXml                      ', 'agentFile                     ', NULL, NULL, NULL, NULL, NULL, NULL);
INSERT INTO T_SENDINFO(ID, SEND_ID, SEND_NAME, SEND_TYPE, LSTSUPER, USERID, ORGID, INNERORGID, VERSION, NOTE, COMMUNICATE, DATASVR, BAK1, BAK2, BAK3, BAK4, BAK5, BAK6)
  VALUES(203, '920003                        ', '代收付应用银行对明细帐                            ', '1', NULL, 'admin               ', '70001               ', '100                 ', 'V2.1.dsf  ', '异步调用，交易直接返回。对账结果查询对账不平明细表。                                                                                                                                                                                                                                                                                                                                                                                                                                                                                                                                                                                                                                                                                                                                                                                                                                                                                                                                                                                                            ', 'agentXml                      ', 'agentFile                     ', NULL, NULL, NULL, NULL, NULL, NULL);
INSERT INTO T_SENDINFO(ID, SEND_ID, SEND_NAME, SEND_TYPE, LSTSUPER, USERID, ORGID, INNERORGID, VERSION, NOTE, COMMUNICATE, DATASVR, BAK1, BAK2, BAK3, BAK4, BAK5, BAK6)
  VALUES(202, '920002                        ', '代收付应用银行对总帐                              ', '1', NULL, 'admin               ', '70001               ', '100                 ', 'V2.1.dsf  ', NULL, 'agentXml                      ', 'agentFile                     ', NULL, NULL, NULL, NULL, NULL, NULL);
INSERT INTO T_SENDINFO(ID, SEND_ID, SEND_NAME, SEND_TYPE, LSTSUPER, USERID, ORGID, INNERORGID, VERSION, NOTE, COMMUNICATE, DATASVR, BAK1, BAK2, BAK3, BAK4, BAK5, BAK6)
  VALUES(205, '920005                        ', '代收付应用第三方对总帐                            ', '1', NULL, 'admin               ', '70001               ', '100                 ', 'V2.1.dsf  ', NULL, 'agentXml                      ', 'agentFile                     ', NULL, NULL, NULL, NULL, NULL, NULL);
INSERT INTO T_SENDINFO(ID, SEND_ID, SEND_NAME, SEND_TYPE, LSTSUPER, USERID, ORGID, INNERORGID, VERSION, NOTE, COMMUNICATE, DATASVR, BAK1, BAK2, BAK3, BAK4, BAK5, BAK6)
  VALUES(206, '920006                        ', '代收付应用第三方对明细帐                          ', '1', NULL, 'admin               ', '70001               ', '100                 ', 'V2.1.dsf  ', NULL, 'agentXml                      ', 'agentFile                     ', NULL, NULL, NULL, NULL, NULL, NULL);
INSERT INTO T_SENDINFO(ID, SEND_ID, SEND_NAME, SEND_TYPE, LSTSUPER, USERID, ORGID, INNERORGID, VERSION, NOTE, COMMUNICATE, DATASVR, BAK1, BAK2, BAK3, BAK4, BAK5, BAK6)
  VALUES(208, '920008                        ', '委托关系核对                                      ', '1', NULL, 'admin               ', '70001               ', '100                 ', 'V2.1.dsf  ', NULL, 'agentXml                      ', 'agentFile                     ', NULL, NULL, NULL, NULL, NULL, NULL);
INSERT INTO T_SENDINFO(ID, SEND_ID, SEND_NAME, SEND_TYPE, LSTSUPER, USERID, ORGID, INNERORGID, VERSION, NOTE, COMMUNICATE, DATASVR, BAK1, BAK2, BAK3, BAK4, BAK5, BAK6)
  VALUES(210, '920315                        ', '对账不平流水调整                                  ', '1', '                    ', 'admin               ', '00000               ', '100                 ', 'V2.1.dsf  ', '', 'agentXml                      ', 'agentFile                     ', '                                                                                                                                                      ', '                                                                                                                                                      ', NULL, NULL, NULL, NULL);
INSERT INTO T_SENDINFO(ID, SEND_ID, SEND_NAME, SEND_TYPE, LSTSUPER, USERID, ORGID, INNERORGID, VERSION, NOTE, COMMUNICATE, DATASVR, BAK1, BAK2, BAK3, BAK4, BAK5, BAK6)
  VALUES(207, '920007                        ', '代收付应用第三方对帐结果                          ', '1', NULL, 'admin               ', '70001               ', '100                 ', 'V2.1.dsf  ', NULL, 'agentXml                      ', 'agentFile                     ', NULL, NULL, NULL, NULL, NULL, NULL);
INSERT INTO T_SENDINFO(ID, SEND_ID, SEND_NAME, SEND_TYPE, LSTSUPER, USERID, ORGID, INNERORGID, VERSION, NOTE, COMMUNICATE, DATASVR, BAK1, BAK2, BAK3, BAK4, BAK5, BAK6)
  VALUES(216, '920016                        ', '业务报表                                          ', '1', NULL, 'admin               ', '70001               ', '100                 ', 'V2.1.dsf  ', NULL, 'agentXml                      ', 'agentFile                     ', 'com.hundsun.agent.web.dsf.sendUtil.BbSubmitSend                                                                                                       ', NULL, NULL, NULL, NULL, NULL);
INSERT INTO T_SENDINFO(ID, SEND_ID, SEND_NAME, SEND_TYPE, LSTSUPER, USERID, ORGID, INNERORGID, VERSION, NOTE, COMMUNICATE, DATASVR, BAK1, BAK2, BAK3, BAK4, BAK5, BAK6)
  VALUES(217, '920313                        ', '主机对账不平调帐                                  ', '1', NULL, 'admin               ', '70001               ', '100                 ', 'V2.1.dsf  ', NULL, 'agentXml                      ', 'agentFile                     ', NULL, NULL, NULL, NULL, NULL, NULL);
INSERT INTO T_SENDINFO(ID, SEND_ID, SEND_NAME, SEND_TYPE, LSTSUPER, USERID, ORGID, INNERORGID, VERSION, NOTE, COMMUNICATE, DATASVR, BAK1, BAK2, BAK3, BAK4, BAK5, BAK6)
  VALUES(215, '920015                        ', '业务日切                                          ', '1', NULL, 'admin               ', '70001               ', '100                 ', 'V2.1.dsf  ', NULL, 'agentXml                      ', 'agentFile                     ', NULL, NULL, NULL, NULL, NULL, NULL);
INSERT INTO T_SENDINFO(ID, SEND_ID, SEND_NAME, SEND_TYPE, LSTSUPER, USERID, ORGID, INNERORGID, VERSION, NOTE, COMMUNICATE, DATASVR, BAK1, BAK2, BAK3, BAK4, BAK5, BAK6)
  VALUES(224, '920104                        ', '第三方签到签退                                    ', '1', '                    ', 'admin               ', '00000               ', '100                 ', 'V2.1.dsf  ', '', 'agentXml                      ', 'agentFile                     ', '                                                                                                                                                      ', '                                                                                                                                                      ', NULL, NULL, NULL, NULL);


INSERT INTO T_MENU(MENU_ID, ABOVE_MENU_ID, MENU_DEEP, MENU_NAME, MENU_DESC, IS_RUN_MENU, TRAN_CODE, IS_ENABLE, VERSION, REPORT_ID, ORDER_ID, MENU_TYPE, SYSTEM_ID, BAK1, BAK2, BAK3)
  VALUES('dsf_info_message              ', '/                             ', 2, '代收付应用                    ', '代收付应用管理                                    ', '0', NULL, '1', 'V2.1.dsf  ', NULL, '900300000000        ', '0', 'agent     ', NULL, NULL, NULL);
INSERT INTO T_MENU(MENU_ID, ABOVE_MENU_ID, MENU_DEEP, MENU_NAME, MENU_DESC, IS_RUN_MENU, TRAN_CODE, IS_ENABLE, VERSION, REPORT_ID, ORDER_ID, MENU_TYPE, SYSTEM_ID, BAK1, BAK2, BAK3)
  VALUES('dsf_dsfqdqt                   ', 'dsf_ywmanager                 ', 3, '第三方签到/签退               ', '第三方签到/签退                                   ', '1', 'send                ', '1', 'V2.1.dsf  ', NULL, '900342110000        ', '0', 'agent     ', NULL, 'send_id=224                                                                                         ', NULL);
INSERT INTO T_MENU(MENU_ID, ABOVE_MENU_ID, MENU_DEEP, MENU_NAME, MENU_DESC, IS_RUN_MENU, TRAN_CODE, IS_ENABLE, VERSION, REPORT_ID, ORDER_ID, MENU_TYPE, SYSTEM_ID, BAK1, BAK2, BAK3)
  VALUES('dsf_ywmanager                 ', 'dsf_info_message              ', 2, '业务管理                      ', '业务管理                                          ', '0', 'appSxfl             ', '1', 'V2.1.dsf  ', NULL, '900342000000        ', '0', 'agent     ', NULL, NULL, NULL);
INSERT INTO T_MENU(MENU_ID, ABOVE_MENU_ID, MENU_DEEP, MENU_NAME, MENU_DESC, IS_RUN_MENU, TRAN_CODE, IS_ENABLE, VERSION, REPORT_ID, ORDER_ID, MENU_TYPE, SYSTEM_ID, BAK1, BAK2, BAK3)
  VALUES('dsf_dsfdzjg                   ', 'dsf_ywmanager                 ', 3, '第三方对帐结果                ', '第三方对帐结果                                    ', '1', 'send                ', '1', 'V2.1.dsf  ', NULL, '900342610000        ', '0', 'agent     ', NULL, 'send_id=207                                                                                         ', NULL);
INSERT INTO T_MENU(MENU_ID, ABOVE_MENU_ID, MENU_DEEP, MENU_NAME, MENU_DESC, IS_RUN_MENU, TRAN_CODE, IS_ENABLE, VERSION, REPORT_ID, ORDER_ID, MENU_TYPE, SYSTEM_ID, BAK1, BAK2, BAK3)
  VALUES('dsf_dsfdzz                    ', 'dsf_ywmanager                 ', 3, '第三方对总账                  ', '第三方对总账                                      ', '1', 'send                ', '1', 'V2.1.dsf  ', NULL, '900342500000        ', '0', 'agent     ', NULL, 'send_id=205                                                                                         ', NULL);
INSERT INTO T_MENU(MENU_ID, ABOVE_MENU_ID, MENU_DEEP, MENU_NAME, MENU_DESC, IS_RUN_MENU, TRAN_CODE, IS_ENABLE, VERSION, REPORT_ID, ORDER_ID, MENU_TYPE, SYSTEM_ID, BAK1, BAK2, BAK3)
  VALUES('dsf_dsfdmx                    ', 'dsf_ywmanager                 ', 3, '第三方对明细                  ', '第三方对明细                                      ', '1', 'send                ', '1', 'V2.1.dsf  ', NULL, '900342600000        ', '0', 'agent     ', NULL, 'send_id=206                                                                                         ', NULL);
INSERT INTO T_MENU(MENU_ID, ABOVE_MENU_ID, MENU_DEEP, MENU_NAME, MENU_DESC, IS_RUN_MENU, TRAN_CODE, IS_ENABLE, VERSION, REPORT_ID, ORDER_ID, MENU_TYPE, SYSTEM_ID, BAK1, BAK2, BAK3)
  VALUES('dsf_yydmxz                    ', 'dsf_ywmanager                 ', 3, '主机对明细                    ', '银行对明细                                        ', '1', 'send                ', '1', 'V2.1.dsf  ', NULL, '900342210000        ', '0', 'agent     ', NULL, 'send_id=203                                                                                         ', NULL);
INSERT INTO T_MENU(MENU_ID, ABOVE_MENU_ID, MENU_DEEP, MENU_NAME, MENU_DESC, IS_RUN_MENU, TRAN_CODE, IS_ENABLE, VERSION, REPORT_ID, ORDER_ID, MENU_TYPE, SYSTEM_ID, BAK1, BAK2, BAK3)
  VALUES('dsf_wtgxhd                    ', 'dsf_ywmanager                 ', 3, '委托关系核对                  ', '委托关系核对                                      ', '1', 'send                ', '1', 'V2.1.dsf  ', NULL, '900342700000        ', '0', 'agent     ', NULL, 'send_id=208                                                                                         ', NULL);
INSERT INTO T_MENU(MENU_ID, ABOVE_MENU_ID, MENU_DEEP, MENU_NAME, MENU_DESC, IS_RUN_MENU, TRAN_CODE, IS_ENABLE, VERSION, REPORT_ID, ORDER_ID, MENU_TYPE, SYSTEM_ID, BAK1, BAK2, BAK3)
  VALUES('dsf_report                    ', 'dsf_info_message              ', 2, '查询管理                      ', '查询管理                                          ', '0', 'agentLs             ', '1', 'V2.1.dsf  ', NULL, '900343000000        ', '0', 'agent     ', NULL, NULL, NULL);
INSERT INTO T_MENU(MENU_ID, ABOVE_MENU_ID, MENU_DEEP, MENU_NAME, MENU_DESC, IS_RUN_MENU, TRAN_CODE, IS_ENABLE, VERSION, REPORT_ID, ORDER_ID, MENU_TYPE, SYSTEM_ID, BAK1, BAK2, BAK3)
  VALUES('dsf_cprq                      ', 'dsf_ywmanager                 ', 3, '业务日切                      ', '业务日切                                          ', '1', 'send                ', '1', 'V2.1.dsf  ', NULL, '900342820000        ', '0', 'agent     ', NULL, 'send_id=215                                                                                         ', NULL);
INSERT INTO T_MENU(MENU_ID, ABOVE_MENU_ID, MENU_DEEP, MENU_NAME, MENU_DESC, IS_RUN_MENU, TRAN_CODE, IS_ENABLE, VERSION, REPORT_ID, ORDER_ID, MENU_TYPE, SYSTEM_ID, BAK1, BAK2, BAK3)
  VALUES('dsf_yybb                      ', 'dsf_ywmanager                 ', 3, '业务报表                      ', '业务报表                                          ', '1', 'send                ', '1', 'V2.1.dsf  ', NULL, '900342830000        ', '0', 'agent     ', NULL, 'send_id=216                                                                                         ', NULL);
INSERT INTO T_MENU(MENU_ID, ABOVE_MENU_ID, MENU_DEEP, MENU_NAME, MENU_DESC, IS_RUN_MENU, TRAN_CODE, IS_ENABLE, VERSION, REPORT_ID, ORDER_ID, MENU_TYPE, SYSTEM_ID, BAK1, BAK2, BAK3)
  VALUES('dsf_agentls                   ', 'dsf_report                    ', 3, '流水查询                      ', '流水查询                                          ', '1', 'agentLs             ', '1', 'V2.1.dsf  ', NULL, '900343100000        ', '0', 'agent     ', NULL, NULL, NULL);
INSERT INTO T_MENU(MENU_ID, ABOVE_MENU_ID, MENU_DEEP, MENU_NAME, MENU_DESC, IS_RUN_MENU, TRAN_CODE, IS_ENABLE, VERSION, REPORT_ID, ORDER_ID, MENU_TYPE, SYSTEM_ID, BAK1, BAK2, BAK3)
  VALUES('dsf_ywqt                      ', 'dsf_ywmanager                 ', 3, '业务启停                      ', '业务启停                                          ', '1', 'send                ', '0', 'V2.1.dsf  ', '                                        ', '900342100000        ', '0', 'agent     ', '                              ', 'send_id=201                                                                                         ', NULL);
INSERT INTO T_MENU(MENU_ID, ABOVE_MENU_ID, MENU_DEEP, MENU_NAME, MENU_DESC, IS_RUN_MENU, TRAN_CODE, IS_ENABLE, VERSION, REPORT_ID, ORDER_ID, MENU_TYPE, SYSTEM_ID, BAK1, BAK2, BAK3)
  VALUES('dsf_yhdzz                     ', 'dsf_ywmanager                 ', 3, '主机对总帐                    ', '银行对总帐                                        ', '1', 'send                ', '1', 'V2.1.dsf  ', NULL, '900342200000        ', '0', 'agent     ', NULL, 'send_id=202                                                                                         ', NULL);
INSERT INTO T_MENU(MENU_ID, ABOVE_MENU_ID, MENU_DEEP, MENU_NAME, MENU_DESC, IS_RUN_MENU, TRAN_CODE, IS_ENABLE, VERSION, REPORT_ID, ORDER_ID, MENU_TYPE, SYSTEM_ID, BAK1, BAK2, BAK3)
  VALUES('dsf_dzbpb                     ', 'dsf_report                    ', 3, '对帐不平查询                  ', '对帐不平查询                                      ', '1', 'agentDzbp           ', '1', 'V2.1.dsf  ', NULL, '900343200000        ', '0', 'agent     ', NULL, NULL, NULL);
INSERT INTO T_MENU(MENU_ID, ABOVE_MENU_ID, MENU_DEEP, MENU_NAME, MENU_DESC, IS_RUN_MENU, TRAN_CODE, IS_ENABLE, VERSION, REPORT_ID, ORDER_ID, MENU_TYPE, SYSTEM_ID, BAK1, BAK2, BAK3)
  VALUES('agentRzzt                     ', 'dsf_report                    ', 3, '业务日终状态查询              ', '业务日终状态查询                                  ', '1', 'agentRzzt           ', '1', 'V2.1.dsf  ', NULL, '900343300000        ', '0', 'agent     ', NULL, NULL, NULL);


INSERT INTO T_DICT(DICT_KIND, DICT_NAME, DICT_KEY, DICT_INFO, VERSION, BAK)
  VALUES('agent_send_dzzt               ', '对帐状态                      ', '0                             ', '平                            ', 'V2.1.dsf  ', NULL);
INSERT INTO T_DICT(DICT_KIND, DICT_NAME, DICT_KEY, DICT_INFO, VERSION, BAK)
  VALUES('agent_send_dzzt               ', '对帐状态                      ', '1                             ', '不平                          ', 'V2.1.dsf  ', NULL);
INSERT INTO T_DICT(DICT_KIND, DICT_NAME, DICT_KEY, DICT_INFO, VERSION, BAK)
  VALUES('agent_send_fsqs               ', '发起方式                      ', '1                             ', '银行发起                      ', 'V2.1.dsf  ', NULL);
INSERT INTO T_DICT(DICT_KIND, DICT_NAME, DICT_KEY, DICT_INFO, VERSION, BAK)
  VALUES('agent_send_fsqs               ', '发起方式                      ', '2                             ', '第三方发起                    ', 'V2.1.dsf  ', NULL);
INSERT INTO T_DICT(DICT_KIND, DICT_NAME, DICT_KEY, DICT_INFO, VERSION, BAK)
  VALUES('agent_send_tzzt               ', '调整状态                      ', '0                             ', '成功                          ', 'V2.1.dsf  ', NULL);
INSERT INTO T_DICT(DICT_KIND, DICT_NAME, DICT_KEY, DICT_INFO, VERSION, BAK)
  VALUES('agent_send_tzzt               ', '调整状态                      ', '1                             ', '失败                          ', 'V2.1.dsf  ', NULL);
INSERT INTO T_DICT(DICT_KIND, DICT_NAME, DICT_KEY, DICT_INFO, VERSION, BAK)
  VALUES('agent_send_clzt               ', '处理状态                      ', '0                             ', '未处理                        ', 'V2.1.dsf  ', NULL);
INSERT INTO T_DICT(DICT_KIND, DICT_NAME, DICT_KEY, DICT_INFO, VERSION, BAK)
  VALUES('agent_send_clzt               ', '处理状态                      ', '1                             ', '已处理                        ', 'V2.1.dsf  ', NULL);
INSERT INTO T_DICT(DICT_KIND, DICT_NAME, DICT_KEY, DICT_INFO, VERSION, BAK)
  VALUES('agent_send_lslx               ', '流水类型                      ', '1                             ', '不平流水                      ', 'V2.1.dsf  ', NULL);
INSERT INTO T_DICT(DICT_KIND, DICT_NAME, DICT_KEY, DICT_INFO, VERSION, BAK)
  VALUES('agent_send_lslx               ', '流水类型                      ', '2                             ', '调账流水                      ', 'V2.1.dsf  ', NULL);
INSERT INTO T_DICT(DICT_KIND, DICT_NAME, DICT_KEY, DICT_INFO, VERSION, BAK)
  VALUES('agent_send_bblx               ', '报表类型                      ', '1                             ', '明细报表                      ', 'V2.1.dsf  ', NULL);
INSERT INTO T_DICT(DICT_KIND, DICT_NAME, DICT_KEY, DICT_INFO, VERSION, BAK)
  VALUES('agent_send_bblx               ', '报表类型                      ', '2                             ', '汇总报表                      ', 'V2.1.dsf  ', NULL);
INSERT INTO T_DICT(DICT_KIND, DICT_NAME, DICT_KEY, DICT_INFO, VERSION, BAK)
  VALUES('agent_dzzt                    ', '对账状态                      ', '0                             ', '未对账                        ', 'V2.1.dsf  ', NULL);
INSERT INTO T_DICT(DICT_KIND, DICT_NAME, DICT_KEY, DICT_INFO, VERSION, BAK)
  VALUES('agent_dzzt                    ', '对账状态                      ', '1                             ', '平                            ', 'V2.1.dsf  ', NULL);
INSERT INTO T_DICT(DICT_KIND, DICT_NAME, DICT_KEY, DICT_INFO, VERSION, BAK)
  VALUES('agent_dzzt                    ', '对账状态                      ', '2                             ', '平台多                        ', 'V2.1.dsf  ', NULL);
INSERT INTO T_DICT(DICT_KIND, DICT_NAME, DICT_KEY, DICT_INFO, VERSION, BAK)
  VALUES('agent_dzzt                    ', '对账状态                      ', '3                             ', '平台少                        ', 'V2.1.dsf  ', NULL);
INSERT INTO T_DICT(DICT_KIND, DICT_NAME, DICT_KEY, DICT_INFO, VERSION, BAK)
  VALUES('agent_dzzt                    ', '对账状态                      ', '4                             ', '双边不平                      ', 'V2.1.dsf  ', NULL);
INSERT INTO T_DICT(DICT_KIND, DICT_NAME, DICT_KEY, DICT_INFO, VERSION, BAK)
  VALUES('agent_gdzt                    ', '归档状态                      ', '0                             ', '未归档                        ', 'V2.1.dsf  ', NULL);
INSERT INTO T_DICT(DICT_KIND, DICT_NAME, DICT_KEY, DICT_INFO, VERSION, BAK)
  VALUES('agent_gdzt                    ', '归档状态                      ', '1                             ', '已归档                        ', 'V2.1.dsf  ', NULL);
INSERT INTO T_DICT(DICT_KIND, DICT_NAME, DICT_KEY, DICT_INFO, VERSION, BAK)
  VALUES('agent_qlzt                    ', '清理状态                      ', '0                             ', '未清理                        ', 'V2.1.dsf  ', NULL);
INSERT INTO T_DICT(DICT_KIND, DICT_NAME, DICT_KEY, DICT_INFO, VERSION, BAK)
  VALUES('agent_qlzt                    ', '清理状态                      ', '1                             ', '已清理                        ', 'V2.1.dsf  ', NULL);
INSERT INTO T_DICT (DICT_KIND, DICT_NAME, DICT_KEY, DICT_INFO, VERSION, BAK)
values ('dsf_rz_dzzt                   ', '日终对账状态                  ', '0                             ', '未对账                        ', 'V2.1.dsf  ', null);
INSERT INTO T_DICT (DICT_KIND, DICT_NAME, DICT_KEY, DICT_INFO, VERSION, BAK)
values ('dsf_rz_dzzt                   ', '日终对账状态                  ', '1                             ', '对账平                        ', 'V2.1.dsf  ', null);
INSERT INTO T_DICT (DICT_KIND, DICT_NAME, DICT_KEY, DICT_INFO, VERSION, BAK)
values ('dsf_rz_dzzt                   ', '日终对账状态                  ', '2                             ', '对账不平                      ', 'V2.1.dsf  ', null);
INSERT INTO T_DICT (DICT_KIND, DICT_NAME, DICT_KEY, DICT_INFO, VERSION, BAK)
values ('dsf_rz_dzzt                   ', '日终对账状态                  ', '8                             ', '对账失败                      ', 'V2.1.dsf  ', null);
INSERT INTO T_DICT (DICT_KIND, DICT_NAME, DICT_KEY, DICT_INFO, VERSION, BAK)
values ('dsf_rz_dzzt                   ', '日终对账状态                  ', '9                             ', '对账中                        ', 'V2.1.dsf  ', null);


INSERT INTO T_SEND_SERVER(ID, SERNAME, IP, PORT, TYPEID, CSTIME)
  VALUES('agentXml                      ', 'agent报文服务                                     ', '192.168.53.66       ', 13009, '0', 60);
INSERT INTO T_SEND_SERVER(ID, SERNAME, IP, PORT, TYPEID, CSTIME)
  VALUES('agentFile                     ', 'agent文件服务                                     ', '192.168.53.66       ', 33344, '1', 60);
