--单位信息 app_dwxx
INSERT INTO APP_DWXX  VALUES ('4001001000008', '东莞市高级中学',         '', '', '', '', '东莞市', '', '00000', 'admin', '20171108081005', null, null, 'X');
INSERT INTO APP_DWXX  VALUES ('4001001000009', '东莞市寮步香市小学',     '', '', '', '', '东莞市', '', '00000', 'admin', '20171108081005', null, null, 'X');
INSERT INTO APP_DWXX  VALUES ('4001001000010', '东莞市厚街中学',         '', '', '', '', '东莞市', '', '00000', 'admin', '20171108081005', null, null, 'X');
INSERT INTO APP_DWXX  VALUES ('4001001000011', '东莞市可园中学',         '', '', '', '', '东莞市', '', '00000', 'admin', '20171108081005', null, null, 'X');
INSERT INTO APP_DWXX  VALUES ('4001001000012', '东莞市长安中学',         '', '', '', '', '东莞市', '', '00000', 'admin', '20171108081005', null, null, 'X');
INSERT INTO APP_DWXX  VALUES ('4001001000013', '东莞市长安镇实验中学',   '', '', '', '', '东莞市', '', '00000', 'admin', '20171108081005', null, null, 'X');
INSERT INTO APP_DWXX  VALUES ('4001001000014', '东莞市东坑中学',         '', '', '', '', '东莞市', '', '00000', 'admin', '20171108081005', null, null, 'X');
INSERT INTO APP_DWXX  VALUES ('4001001000015', '东莞市东城第一中学',     '', '', '', '', '东莞市', '', '00000', 'admin', '20171108081005', null, null, 'X');
INSERT INTO APP_DWXX  VALUES ('4001001000016', '东莞市信息技术学校',     '', '', '', '', '东莞市', '', '00000', 'admin', '20171108081005', null, null, 'X');
INSERT INTO APP_DWXX  VALUES ('4001001000017', '东莞市第七高级中学',     '', '', '', '', '东莞市', '', '00000', 'admin', '20171108081005', null, null, 'X');
INSERT INTO APP_DWXX  VALUES ('4001001000018', '东莞市麻涌一中',         '', '', '', '', '东莞市', '', '00000', 'admin', '20171108081005', null, null, 'X');
INSERT INTO APP_DWXX  VALUES ('4001001000019', '东莞市电子商务中心园区', '', '', '', '', '东莞市', '', '00000', 'admin', '20171108081005', null, null, 'X');
INSERT INTO APP_DWXX  VALUES ('4001001000020', '厚街镇前进小学',         '', '', '', '', '东莞市', '', '00000', 'admin', '20181108081005', null, null, 'X');

--单位产品信息 app_dwcpxy
INSERT INTO APP_DWCPXY VALUES ('4001001000008', '4001001', '4001001000008', '东莞市高级中学校园卡圈存',         '4001001000008', 'drc', 'jfpt', '99', '1', '2010022629000111816', '东莞高级中学',   '', '', null, null, null, null, null, null, '', '', null, 0.00, '00000', 'admin', '20170807093121', '102100099996', null, '0', null, null, null, '东莞高级中学-银校通',                 '120010126220011919', null, null, '03', '9', null, null, null);
INSERT INTO APP_DWCPXY VALUES ('4001001000009', '4001001', '4001001000009', '东莞市寮步香市小学校园卡圈存',     '4001001000009', 'drc', 'jfpt', '99', '1', 'dszh',                'dszhmc',         '', '', null, null, null, null, null, null, '', '', null, 0.00, '00000', 'admin', '20170807093121', '88888',        null, '0', null, null, null, 'nbhmc',                               'nbhzh',              null, null, '03', '9', null, null, null);
INSERT INTO APP_DWCPXY VALUES ('4001001000010', '4001001', '4001001000010', '东莞市厚街中学校园卡圈存',         '4001001000010', 'drc', 'jfpt', '99', '1', 'dszh',                'dszhmc',         '', '', null, null, null, null, null, null, '', '', null, 0.00, '00000', 'admin', '20170807093121', '88888',        null, '0', null, null, null, 'nbhmc',                               'nbhzh',              null, null, '03', '9', null, null, null);
INSERT INTO APP_DWCPXY VALUES ('4001001000011', '4001001', '4001001000011', '可园中学校园卡圈存',               '4001001000011', 'drc', 'jfpt', '01', '1', '060010190010053029',  '东莞市可园中学', '', '', null, null, null, null, null, null, '', '', null, 0.00, '00000', 'admin', '20170807093121', '88888',        null, '0', null, null, null, 'nbhmc',                               '380010126220011582', null, null, '03', '9', null, null, null);
INSERT INTO APP_DWCPXY VALUES ('4001001000012', '4001001', '4001001000012', '东莞市长安中学校园卡圈存',         '4001001000012', 'drc', 'jfpt', '01', '1', 'dszh',                'dszhmc',         '', '', null, null, null, null, null, null, '', '', null, 0.00, '00000', 'admin', '20170807093121', '88888',        null, '0', null, null, null, 'nbhmc',                               'nbhzh',              null, null, '03', '9', null, null, null);
INSERT INTO APP_DWCPXY VALUES ('4001001000013', '4001001', '4001001000013', '东莞市长安实验中学校园卡圈存',     '4001001000013', 'drc', 'jfpt', '01', '1', 'dszh',                'dszhmc',         '', '', null, null, null, null, null, null, '', '', null, 0.00, '00000', 'admin', '20170807093121', '88888',        null, '0', null, null, null, 'nbhmc',                               'nbhzh',              null, null, '03', '9', null, null, null);
INSERT INTO APP_DWCPXY VALUES ('4001001000014', '4001001', '4001001000014', '东莞市东坑中学校园卡圈存',         '4001001000014', 'drc', 'jfpt', '01', '1', 'dszh',                'dszhmc',         '', '', null, null, null, null, null, null, '', '', null, 0.00, '00000', 'admin', '20170807093121', '88888',        null, '0', null, null, null, 'nbhmc',                               'nbhzh',              null, null, '03', '9', null, null, null);
INSERT INTO APP_DWCPXY VALUES ('4001001000015', '4001001', '4001001000015', '东莞市东城第一中学校园卡圈存',     '4001001000015', 'drc', 'jfpt', '01', '1', 'dszh',                'dszhmc',         '', '', null, null, null, null, null, null, '', '', null, 0.00, '00000', 'admin', '20170807093121', '88888',        null, '0', null, null, null, 'nbhmc',                               'nbhzh',              null, null, '03', '9', null, null, null);
INSERT INTO APP_DWCPXY VALUES ('4001001000016', '4001001', '4001001000016', '东莞市信息技术学校校园卡圈存',     '4001001000016', 'drc', 'jfpt', '01', '1', 'dszh',                'dszhmc',         '', '', null, null, null, null, null, null, '', '', null, 0.00, '00000', 'admin', '20170807093121', '88888',        null, '0', null, null, null, 'nbhmc',                               'nbhzh',              null, null, '03', '9', null, null, null);
INSERT INTO APP_DWCPXY VALUES ('4001001000017', '4001001', '4001001000017', '东莞市第七高级中学校园卡圈存',     '4001001000017', 'drc', 'jfpt', '01', '1', 'dszh',                'dszhmc',         '', '', null, null, null, null, null, null, '', '', null, 0.00, '00000', 'admin', '20170807093121', '88888',        null, '0', null, null, null, 'nbhmc',                               'nbhzh',              null, null, '03', '9', null, null, null);
INSERT INTO APP_DWCPXY VALUES ('4001001000018', '4001001', '4001001000018', '东莞市麻涌一中校园卡圈存',         '4001001000018', 'drc', 'jfpt', '01', '1', '050010005212019',     '袁炳洪',         '', '', null, null, null, null, null, null, '', '', null, 0.00, '00000', 'admin', '20170807093121', '88888',        null, '0', null, null, null, '东莞市麻涌镇古梅第一中学-代收伙食费', '050010126220011277', null, null, '03', '9', null, null, null);
INSERT INTO APP_DWCPXY VALUES ('4001001000019', '4001001', '4001001000019', '东莞市电子商务中心园区校园卡圈存', '4001001000019', 'drc', 'jfpt', '01', '1', 'dszh',                'dszhmc',         '', '', null, null, null, null, null, null, '', '', null, 0.00, '00000', 'admin', '20170807093121', '88888',        null, '0', null, null, null, 'nbhmc',                               'nbhzh',              null, null, '03', '9', null, null, null);
INSERT INTO APP_DWCPXY VALUES ('4001001000020', '4001001', '4001001000020', '厚街镇前进小学校园卡圈存',         '4001001000020', 'drc', 'jfpt', '01', '1', 'dszh',                'dszhmc',         '', '', null, null, null, null, null, null, '', '', null, 0.00, '00000', 'admin', '20170807093121', '88888',        null, '0', null, null, null, 'nbhmc',                               'nbhzh',              null, null, '03', '9', null, null, null);

--通讯安全信息表 app_txaqxx
INSERT INTO APP_TXAQXX VALUES ('000008', '东莞高级中学校园卡圈存',       '3','4001001000008', '1', '1', '10.8.208.140', '50021', null, null, null, null, null, 'gapsv4', 'gapsv4', null, '10.106.0.170', 'ftp_user', 'ftp_passwd', '1', '2', '', '', '/home/gapsv4/file/xykqc', '00000', 'admin', '20170808045548', '21', '10.8.208.142', '0', null);
INSERT INTO APP_TXAQXX VALUES ('000009', '寮步香市小学校园卡圈存',       '3','4001001000009', '1', '1', '10.8.208.140', '50021', null, null, null, null, null, 'gapsv4', 'gapsv4', null, '10.106.0.186', 'ftp_user', 'ftp_passwd', '1', '2', '', '', '/home/gapsv4/file/xykqc', '00000', 'admin', '20170808045548', '21', '10.8.208.142', '0', null);
INSERT INTO APP_TXAQXX VALUES ('000010', '厚街中学校园卡圈存',           '3','4001001000010', '1', '1', '10.8.208.140', '50021', null, null, null, null, null, 'gapsv4', 'gapsv4', null, '10.106.0.206', 'ftp_user', 'ftp_passwd', '1', '2', '', '', '/home/gapsv4/file/xykqc', '00000', 'admin', '20170808045548', '21', '10.8.208.142', '0', null);
INSERT INTO APP_TXAQXX VALUES ('000011', '可园中学校园卡圈存',           '3','4001001000011', '1', '1', '10.8.208.140', '50021', null, null, null, null, null, 'gapsv4', 'gapsv4', null, '10.106.0.182', 'ftp_user', 'ftp_passwd', '1', '2', '', '', '/home/gapsv4/file/xykqc', '00000', 'admin', '20170808045548', '21', '10.8.208.142', '0', null);
INSERT INTO APP_TXAQXX VALUES ('000012', '长安中学校园卡圈存',           '3','4001001000012', '1', '1', '10.8.208.140', '50021', null, null, null, null, null, 'gapsv4', 'gapsv4', null, '10.106.0.174', 'ftp_user', 'ftp_passwd', '1', '2', '', '', '/home/gapsv4/file/xykqc', '00000', 'admin', '20170808045548', '21', '10.8.208.142', '0', null);
INSERT INTO APP_TXAQXX VALUES ('000013', '长安实验中学校园卡圈存',       '3','4001001000013', '1', '1', '10.8.208.140', '50021', null, null, null, null, null, 'gapsv4', 'gapsv4', null, '10.106.0.202', 'ftp_user', 'ftp_passwd', '1', '2', '', '', '/home/gapsv4/file/xykqc', '00000', 'admin', '20170808045548', '21', '10.8.208.142', '0', null);
INSERT INTO APP_TXAQXX VALUES ('000014', '东坑中学校园卡圈存',           '3','4001001000014', '1', '1', '10.8.208.140', '50021', null, null, null, null, null, 'gapsv4', 'gapsv4', null, 'ftp_ip',       'ftp_user', 'ftp_passwd', '1', '2', '', '', '/home/gapsv4/file/xykqc', '00000', 'admin', '20170808045548', '21', '10.8.208.142', '0', null);
INSERT INTO APP_TXAQXX VALUES ('000015', '东城第一中学校园卡圈存',       '3','4001001000015', '1', '1', '10.8.208.140', '50021', null, null, null, null, null, 'gapsv4', 'gapsv4', null, '10.106.0.178', 'ftp_user', 'ftp_passwd', '1', '2', '', '', '/home/gapsv4/file/xykqc', '00000', 'admin', '20170808045548', '21', '10.8.208.142', '0', null);
INSERT INTO APP_TXAQXX VALUES ('000016', '东莞市信息技术学校校园卡圈存', '3','4001001000016', '1', '1', '10.8.208.140', '50021', null, null, null, null, null, 'gapsv4', 'gapsv4', null, '10.106.0.190', 'ftp_user', 'ftp_passwd', '1', '2', '', '', '/home/gapsv4/file/xykqc', '00000', 'admin', '20170808045548', '21', '10.8.208.142', '0', null);
INSERT INTO APP_TXAQXX VALUES ('000017', '东莞市第七高级中学校园卡圈存', '3','4001001000017', '1', '1', '10.8.208.140', '50021', null, null, null, null, null, 'gapsv4', 'gapsv4', null, '10.106.0.198', 'ftp_user', 'ftp_passwd', '1', '2', '', '', '/home/gapsv4/file/xykqc', '00000', 'admin', '20170808045548', '21', '10.8.208.142', '0', null);
INSERT INTO APP_TXAQXX VALUES ('000018', '东莞市麻涌一中学校园卡圈存',   '3','4001001000018', '1', '1',  '',            '',      null, null, null, null, null, '',       '',       null,  '',            '',         '',           '1', '2', '', '', '',                        '00000', 'admin', '20170808045548', '21', '',             '0', null);
INSERT INTO APP_TXAQXX VALUES ('000019', '东莞市商务中心园区校园卡圈存', '3','4001001000019', '1', '1', '10.8.208.140', '50021', null, null, null, null, null, 'gapsv4', 'gapsv4', null, 'ftp_ip',       'ftp_user', 'ftp_passwd', '1', '2', '', '', '/home/gapsv4/file/xykqc', '00000', 'admin', '20170808045548', '21', '10.8.208.142', '0', null);
INSERT INTO APP_TXAQXX VALUES ('000020', '厚街镇前进小学校园卡圈存',     '3','4001001000020', '1', '1', '10.8.208.140', '50021', null, null, null, null, null, 'gapsv4', 'gapsv4', null, 'ftp_ip',       'ftp_user', 'ftp_passwd', '1', '2', '', '', '/home/gapsv4/file/xykqc', '00000', 'admin', '20170808045548', '21', '10.8.208.142', '0', null);
update APP_TXAQXX set extfld1='21' where dwbh like '4001001%';
update APP_TXAQXX set extfld1='2110' where dwbh='4001001000005';
